time,date,dealer_id,part_type,failure
1,2025-01-02,D00,type0,0
1,2025-01-02,D00,type1,1
1,2025-01-02,D00,type2,1
1,2025-01-02,D00,type3,1
2,2025-01-03,D00,type0,0
2,2025-01-03,D00,type1,1
2,2025-01-03,D00,type2,1
2,2025-01-03,D00,type3,1
3,2025-01-04,D00,type0,0
3,2025-01-04,D00,type1,2
3,2025-01-04,D00,type2,2
3,2025-01-04,D00,type3,2
4,2025-01-05,D00,type0,0
4,2025-01-05,D00,type1,2
4,2025-01-05,D00,type2,0
4,2025-01-05,D00,type3,1
5,2025-01-06,D00,type0,0
5,2025-01-06,D00,type1,1
5,2025-01-06,D00,type2,0
5,2025-01-06,D00,type3,0
6,2025-01-07,D00,type0,0
6,2025-01-07,D00,type1,0
6,2025-01-07,D00,type2,1
6,2025-01-07,D00,type3,1
7,2025-01-08,D00,type0,0
7,2025-01-08,D00,type1,1
7,2025-01-08,D00,type2,2
7,2025-01-08,D00,type3,2
8,2025-01-09,D00,type0,0
8,2025-01-09,D00,type1,2
8,2025-01-09,D00,type2,2
8,2025-01-09,D00,type3,1
9,2025-01-10,D00,type0,0
9,2025-01-10,D00,type1,1
9,2025-01-10,D00,type2,6
9,2025-01-10,D00,type3,0
10,2025-01-11,D00,type0,0
10,2025-01-11,D00,type1,0
10,2025-01-11,D00,type2,5
10,2025-01-11,D00,type3,4
11,2025-01-12,D00,type0,0
11,2025-01-12,D00,type1,2
11,2025-01-12,D00,type2,2
11,2025-01-12,D00,type3,1
12,2025-01-13,D00,type0,0
12,2025-01-13,D00,type1,2
12,2025-01-13,D00,type2,3
12,2025-01-13,D00,type3,3
13,2025-01-14,D00,type0,1
13,2025-01-14,D00,type1,0
13,2025-01-14,D00,type2,3
13,2025-01-14,D00,type3,2
14,2025-01-15,D00,type0,1
14,2025-01-15,D00,type1,3
14,2025-01-15,D00,type2,3
14,2025-01-15,D00,type3,4
15,2025-01-16,D00,type0,0
15,2025-01-16,D00,type1,0
15,2025-01-16,D00,type2,2
15,2025-01-16,D00,type3,3
16,2025-01-17,D00,type0,1
16,2025-01-17,D00,type1,1
16,2025-01-17,D00,type2,3
16,2025-01-17,D00,type3,1
17,2025-01-18,D00,type0,1
17,2025-01-18,D00,type1,0
17,2025-01-18,D00,type2,5
17,2025-01-18,D00,type3,3
18,2025-01-19,D00,type0,1
18,2025-01-19,D00,type1,3
18,2025-01-19,D00,type2,2
18,2025-01-19,D00,type3,1
19,2025-01-20,D00,type0,0
19,2025-01-20,D00,type1,3
19,2025-01-20,D00,type2,5
19,2025-01-20,D00,type3,3
20,2025-01-21,D00,type0,1
20,2025-01-21,D00,type1,2
20,2025-01-21,D00,type2,3
20,2025-01-21,D00,type3,7
21,2025-01-22,D00,type0,0
21,2025-01-22,D00,type1,5
21,2025-01-22,D00,type2,7
21,2025-01-22,D00,type3,1
22,2025-01-23,D00,type0,2
22,2025-01-23,D00,type1,3
22,2025-01-23,D00,type2,5
22,2025-01-23,D00,type3,6
23,2025-01-24,D00,type0,0
23,2025-01-24,D00,type1,3
23,2025-01-24,D00,type2,3
23,2025-01-24,D00,type3,3
24,2025-01-25,D00,type0,0
24,2025-01-25,D00,type1,2
24,2025-01-25,D00,type2,4
24,2025-01-25,D00,type3,1
25,2025-01-26,D00,type0,1
25,2025-01-26,D00,type1,2
25,2025-01-26,D00,type2,4
25,2025-01-26,D00,type3,2
26,2025-01-27,D00,type0,2
26,2025-01-27,D00,type1,2
26,2025-01-27,D00,type2,4
26,2025-01-27,D00,type3,4
27,2025-01-28,D00,type0,0
27,2025-01-28,D00,type1,2
27,2025-01-28,D00,type2,1
27,2025-01-28,D00,type3,1
28,2025-01-29,D00,type0,0
28,2025-01-29,D00,type1,0
28,2025-01-29,D00,type2,4
28,2025-01-29,D00,type3,0
29,2025-01-30,D00,type0,1
29,2025-01-30,D00,type1,4
29,2025-01-30,D00,type2,5
29,2025-01-30,D00,type3,7
30,2025-01-31,D00,type0,0
30,2025-01-31,D00,type1,1
30,2025-01-31,D00,type2,3
30,2025-01-31,D00,type3,2
31,2025-02-01,D00,type0,0
31,2025-02-01,D00,type1,3
31,2025-02-01,D00,type2,3
31,2025-02-01,D00,type3,4
32,2025-02-02,D00,type0,1
32,2025-02-02,D00,type1,4
32,2025-02-02,D00,type2,3
32,2025-02-02,D00,type3,2
33,2025-02-03,D00,type0,0
33,2025-02-03,D00,type1,3
33,2025-02-03,D00,type2,4
33,2025-02-03,D00,type3,3
34,2025-02-04,D00,type0,2
34,2025-02-04,D00,type1,2
34,2025-02-04,D00,type2,2
34,2025-02-04,D00,type3,4
35,2025-02-05,D00,type0,1
35,2025-02-05,D00,type1,1
35,2025-02-05,D00,type2,5
35,2025-02-05,D00,type3,3
36,2025-02-06,D00,type0,0
36,2025-02-06,D00,type1,1
36,2025-02-06,D00,type2,5
36,2025-02-06,D00,type3,0
37,2025-02-07,D00,type0,4
37,2025-02-07,D00,type1,4
37,2025-02-07,D00,type2,4
37,2025-02-07,D00,type3,3
38,2025-02-08,D00,type0,0
38,2025-02-08,D00,type1,2
38,2025-02-08,D00,type2,2
38,2025-02-08,D00,type3,3
39,2025-02-09,D00,type0,0
39,2025-02-09,D00,type1,1
39,2025-02-09,D00,type2,3
39,2025-02-09,D00,type3,4
40,2025-02-10,D00,type0,1
40,2025-02-10,D00,type1,3
40,2025-02-10,D00,type2,5
40,2025-02-10,D00,type3,3
41,2025-02-11,D00,type0,1
41,2025-02-11,D00,type1,5
41,2025-02-11,D00,type2,8
41,2025-02-11,D00,type3,1
42,2025-02-12,D00,type0,2
42,2025-02-12,D00,type1,2
42,2025-02-12,D00,type2,3
42,2025-02-12,D00,type3,7
43,2025-02-13,D00,type0,1
43,2025-02-13,D00,type1,2
43,2025-02-13,D00,type2,1
43,2025-02-13,D00,type3,6
44,2025-02-14,D00,type0,1
44,2025-02-14,D00,type1,2
44,2025-02-14,D00,type2,5
44,2025-02-14,D00,type3,3
45,2025-02-15,D00,type0,1
45,2025-02-15,D00,type1,7
45,2025-02-15,D00,type2,7
45,2025-02-15,D00,type3,4
46,2025-02-16,D00,type0,1
46,2025-02-16,D00,type1,1
46,2025-02-16,D00,type2,5
46,2025-02-16,D00,type3,5
47,2025-02-17,D00,type0,3
47,2025-02-17,D00,type1,6
47,2025-02-17,D00,type2,4
47,2025-02-17,D00,type3,3
48,2025-02-18,D00,type0,2
48,2025-02-18,D00,type1,3
48,2025-02-18,D00,type2,7
48,2025-02-18,D00,type3,3
49,2025-02-19,D00,type0,2
49,2025-02-19,D00,type1,4
49,2025-02-19,D00,type2,3
49,2025-02-19,D00,type3,2
50,2025-02-20,D00,type0,2
50,2025-02-20,D00,type1,7
50,2025-02-20,D00,type2,4
50,2025-02-20,D00,type3,3
51,2025-02-21,D00,type0,0
51,2025-02-21,D00,type1,3
51,2025-02-21,D00,type2,6
51,2025-02-21,D00,type3,5
52,2025-02-22,D00,type0,0
52,2025-02-22,D00,type1,1
52,2025-02-22,D00,type2,6
52,2025-02-22,D00,type3,2
53,2025-02-23,D00,type0,0
53,2025-02-23,D00,type1,1
53,2025-02-23,D00,type2,5
53,2025-02-23,D00,type3,2
54,2025-02-24,D00,type0,2
54,2025-02-24,D00,type1,1
54,2025-02-24,D00,type2,3
54,2025-02-24,D00,type3,0
55,2025-02-25,D00,type0,0
55,2025-02-25,D00,type1,3
55,2025-02-25,D00,type2,5
55,2025-02-25,D00,type3,3
56,2025-02-26,D00,type0,0
56,2025-02-26,D00,type1,2
56,2025-02-26,D00,type2,4
56,2025-02-26,D00,type3,2
57,2025-02-27,D00,type0,0
57,2025-02-27,D00,type1,3
57,2025-02-27,D00,type2,7
57,2025-02-27,D00,type3,2
58,2025-02-28,D00,type0,1
58,2025-02-28,D00,type1,3
58,2025-02-28,D00,type2,9
58,2025-02-28,D00,type3,2
59,2025-03-01,D00,type0,0
59,2025-03-01,D00,type1,3
59,2025-03-01,D00,type2,7
59,2025-03-01,D00,type3,4
60,2025-03-02,D00,type0,2
60,2025-03-02,D00,type1,0
60,2025-03-02,D00,type2,2
60,2025-03-02,D00,type3,3
61,2025-03-03,D00,type0,2
61,2025-03-03,D00,type1,5
61,2025-03-03,D00,type2,4
61,2025-03-03,D00,type3,0
62,2025-03-04,D00,type0,0
62,2025-03-04,D00,type1,2
62,2025-03-04,D00,type2,4
62,2025-03-04,D00,type3,2
63,2025-03-05,D00,type0,2
63,2025-03-05,D00,type1,1
63,2025-03-05,D00,type2,1
63,2025-03-05,D00,type3,1
64,2025-03-06,D00,type0,2
64,2025-03-06,D00,type1,2
64,2025-03-06,D00,type2,4
64,2025-03-06,D00,type3,1
65,2025-03-07,D00,type0,1
65,2025-03-07,D00,type1,1
65,2025-03-07,D00,type2,3
65,2025-03-07,D00,type3,1
66,2025-03-08,D00,type0,1
66,2025-03-08,D00,type1,1
66,2025-03-08,D00,type2,3
66,2025-03-08,D00,type3,4
67,2025-03-09,D00,type0,2
67,2025-03-09,D00,type1,7
67,2025-03-09,D00,type2,0
67,2025-03-09,D00,type3,1
68,2025-03-10,D00,type0,0
68,2025-03-10,D00,type1,2
68,2025-03-10,D00,type2,6
68,2025-03-10,D00,type3,4
69,2025-03-11,D00,type0,0
69,2025-03-11,D00,type1,0
69,2025-03-11,D00,type2,4
69,2025-03-11,D00,type3,5
70,2025-03-12,D00,type0,4
70,2025-03-12,D00,type1,2
70,2025-03-12,D00,type2,6
70,2025-03-12,D00,type3,5
71,2025-03-13,D00,type0,0
71,2025-03-13,D00,type1,3
71,2025-03-13,D00,type2,0
71,2025-03-13,D00,type3,2
72,2025-03-14,D00,type0,4
72,2025-03-14,D00,type1,2
72,2025-03-14,D00,type2,6
72,2025-03-14,D00,type3,1
73,2025-03-15,D00,type0,1
73,2025-03-15,D00,type1,4
73,2025-03-15,D00,type2,4
73,2025-03-15,D00,type3,1
74,2025-03-16,D00,type0,0
74,2025-03-16,D00,type1,2
74,2025-03-16,D00,type2,4
74,2025-03-16,D00,type3,3
75,2025-03-17,D00,type0,4
75,2025-03-17,D00,type1,8
75,2025-03-17,D00,type2,5
75,2025-03-17,D00,type3,0
76,2025-03-18,D00,type0,2
76,2025-03-18,D00,type1,1
76,2025-03-18,D00,type2,3
76,2025-03-18,D00,type3,1
77,2025-03-19,D00,type0,0
77,2025-03-19,D00,type1,1
77,2025-03-19,D00,type2,4
77,2025-03-19,D00,type3,1
78,2025-03-20,D00,type0,0
78,2025-03-20,D00,type1,3
78,2025-03-20,D00,type2,3
78,2025-03-20,D00,type3,4
79,2025-03-21,D00,type0,1
79,2025-03-21,D00,type1,3
79,2025-03-21,D00,type2,3
79,2025-03-21,D00,type3,0
80,2025-03-22,D00,type0,1
80,2025-03-22,D00,type1,1
80,2025-03-22,D00,type2,6
80,2025-03-22,D00,type3,1
81,2025-03-23,D00,type0,2
81,2025-03-23,D00,type1,4
81,2025-03-23,D00,type2,2
81,2025-03-23,D00,type3,3
82,2025-03-24,D00,type0,0
82,2025-03-24,D00,type1,2
82,2025-03-24,D00,type2,5
82,2025-03-24,D00,type3,4
83,2025-03-25,D00,type0,2
83,2025-03-25,D00,type1,2
83,2025-03-25,D00,type2,4
83,2025-03-25,D00,type3,4
84,2025-03-26,D00,type0,4
84,2025-03-26,D00,type1,1
84,2025-03-26,D00,type2,3
84,2025-03-26,D00,type3,1
85,2025-03-27,D00,type0,0
85,2025-03-27,D00,type1,4
85,2025-03-27,D00,type2,3
85,2025-03-27,D00,type3,1
86,2025-03-28,D00,type0,1
86,2025-03-28,D00,type1,0
86,2025-03-28,D00,type2,6
86,2025-03-28,D00,type3,1
87,2025-03-29,D00,type0,2
87,2025-03-29,D00,type1,5
87,2025-03-29,D00,type2,5
87,2025-03-29,D00,type3,2
88,2025-03-30,D00,type0,2
88,2025-03-30,D00,type1,1
88,2025-03-30,D00,type2,2
88,2025-03-30,D00,type3,0
89,2025-03-31,D00,type0,1
89,2025-03-31,D00,type1,1
89,2025-03-31,D00,type2,2
89,2025-03-31,D00,type3,2
90,2025-04-01,D00,type0,2
90,2025-04-01,D00,type1,1
90,2025-04-01,D00,type2,5
90,2025-04-01,D00,type3,4
91,2025-04-02,D00,type0,2
91,2025-04-02,D00,type1,1
91,2025-04-02,D00,type2,2
91,2025-04-02,D00,type3,1
92,2025-04-03,D00,type0,2
92,2025-04-03,D00,type1,1
92,2025-04-03,D00,type2,5
92,2025-04-03,D00,type3,0
93,2025-04-04,D00,type0,1
93,2025-04-04,D00,type1,1
93,2025-04-04,D00,type2,5
93,2025-04-04,D00,type3,4
94,2025-04-05,D00,type0,2
94,2025-04-05,D00,type1,1
94,2025-04-05,D00,type2,4
94,2025-04-05,D00,type3,2
95,2025-04-06,D00,type0,2
95,2025-04-06,D00,type1,0
95,2025-04-06,D00,type2,3
95,2025-04-06,D00,type3,1
96,2025-04-07,D00,type0,3
96,2025-04-07,D00,type1,2
96,2025-04-07,D00,type2,7
96,2025-04-07,D00,type3,2
97,2025-04-08,D00,type0,0
97,2025-04-08,D00,type1,2
97,2025-04-08,D00,type2,6
97,2025-04-08,D00,type3,1
98,2025-04-09,D00,type0,1
98,2025-04-09,D00,type1,3
98,2025-04-09,D00,type2,1
98,2025-04-09,D00,type3,3
99,2025-04-10,D00,type0,0
99,2025-04-10,D00,type1,1
99,2025-04-10,D00,type2,4
99,2025-04-10,D00,type3,2
100,2025-04-11,D00,type0,1
100,2025-04-11,D00,type1,3
100,2025-04-11,D00,type2,6
100,2025-04-11,D00,type3,0
101,2025-04-12,D00,type0,1
101,2025-04-12,D00,type1,0
101,2025-04-12,D00,type2,5
101,2025-04-12,D00,type3,1
102,2025-04-13,D00,type0,4
102,2025-04-13,D00,type1,3
102,2025-04-13,D00,type2,2
102,2025-04-13,D00,type3,2
103,2025-04-14,D00,type0,0
103,2025-04-14,D00,type1,2
103,2025-04-14,D00,type2,4
103,2025-04-14,D00,type3,1
104,2025-04-15,D00,type0,0
104,2025-04-15,D00,type1,1
104,2025-04-15,D00,type2,4
104,2025-04-15,D00,type3,2
105,2025-04-16,D00,type0,1
105,2025-04-16,D00,type1,1
105,2025-04-16,D00,type2,7
105,2025-04-16,D00,type3,0
106,2025-04-17,D00,type0,0
106,2025-04-17,D00,type1,0
106,2025-04-17,D00,type2,3
106,2025-04-17,D00,type3,0
107,2025-04-18,D00,type0,1
107,2025-04-18,D00,type1,2
107,2025-04-18,D00,type2,2
107,2025-04-18,D00,type3,0
108,2025-04-19,D00,type0,3
108,2025-04-19,D00,type1,1
108,2025-04-19,D00,type2,1
108,2025-04-19,D00,type3,3
109,2025-04-20,D00,type0,1
109,2025-04-20,D00,type1,1
109,2025-04-20,D00,type2,2
109,2025-04-20,D00,type3,2
110,2025-04-21,D00,type0,0
110,2025-04-21,D00,type1,4
110,2025-04-21,D00,type2,5
110,2025-04-21,D00,type3,0
111,2025-04-22,D00,type0,0
111,2025-04-22,D00,type1,5
111,2025-04-22,D00,type2,2
111,2025-04-22,D00,type3,1
112,2025-04-23,D00,type0,2
112,2025-04-23,D00,type1,5
112,2025-04-23,D00,type2,4
112,2025-04-23,D00,type3,0
113,2025-04-24,D00,type0,1
113,2025-04-24,D00,type1,1
113,2025-04-24,D00,type2,8
113,2025-04-24,D00,type3,3
114,2025-04-25,D00,type0,2
114,2025-04-25,D00,type1,2
114,2025-04-25,D00,type2,3
114,2025-04-25,D00,type3,3
115,2025-04-26,D00,type0,3
115,2025-04-26,D00,type1,1
115,2025-04-26,D00,type2,6
115,2025-04-26,D00,type3,1
116,2025-04-27,D00,type0,0
116,2025-04-27,D00,type1,0
116,2025-04-27,D00,type2,7
116,2025-04-27,D00,type3,2
117,2025-04-28,D00,type0,4
117,2025-04-28,D00,type1,2
117,2025-04-28,D00,type2,4
117,2025-04-28,D00,type3,1
118,2025-04-29,D00,type0,4
118,2025-04-29,D00,type1,0
118,2025-04-29,D00,type2,1
118,2025-04-29,D00,type3,0
119,2025-04-30,D00,type0,1
119,2025-04-30,D00,type1,1
119,2025-04-30,D00,type2,3
119,2025-04-30,D00,type3,1
120,2025-05-01,D00,type0,0
120,2025-05-01,D00,type1,2
120,2025-05-01,D00,type2,2
120,2025-05-01,D00,type3,1
121,2025-05-02,D00,type0,3
121,2025-05-02,D00,type1,2
121,2025-05-02,D00,type2,7
121,2025-05-02,D00,type3,1
122,2025-05-03,D00,type0,1
122,2025-05-03,D00,type1,1
122,2025-05-03,D00,type2,5
122,2025-05-03,D00,type3,1
123,2025-05-04,D00,type0,0
123,2025-05-04,D00,type1,1
123,2025-05-04,D00,type2,1
123,2025-05-04,D00,type3,1
124,2025-05-05,D00,type0,0
124,2025-05-05,D00,type1,2
124,2025-05-05,D00,type2,3
124,2025-05-05,D00,type3,1
125,2025-05-06,D00,type0,2
125,2025-05-06,D00,type1,2
125,2025-05-06,D00,type2,5
125,2025-05-06,D00,type3,1
126,2025-05-07,D00,type0,2
126,2025-05-07,D00,type1,1
126,2025-05-07,D00,type2,3
126,2025-05-07,D00,type3,1
127,2025-05-08,D00,type0,0
127,2025-05-08,D00,type1,0
127,2025-05-08,D00,type2,5
127,2025-05-08,D00,type3,2
128,2025-05-09,D00,type0,3
128,2025-05-09,D00,type1,1
128,2025-05-09,D00,type2,6
128,2025-05-09,D00,type3,2
129,2025-05-10,D00,type0,0
129,2025-05-10,D00,type1,0
129,2025-05-10,D00,type2,5
129,2025-05-10,D00,type3,1
130,2025-05-11,D00,type0,0
130,2025-05-11,D00,type1,1
130,2025-05-11,D00,type2,2
130,2025-05-11,D00,type3,3
131,2025-05-12,D00,type0,2
131,2025-05-12,D00,type1,2
131,2025-05-12,D00,type2,2
131,2025-05-12,D00,type3,2
132,2025-05-13,D00,type0,1
132,2025-05-13,D00,type1,1
132,2025-05-13,D00,type2,3
132,2025-05-13,D00,type3,2
133,2025-05-14,D00,type0,1
133,2025-05-14,D00,type1,1
133,2025-05-14,D00,type2,4
133,2025-05-14,D00,type3,4
134,2025-05-15,D00,type0,4
134,2025-05-15,D00,type1,1
134,2025-05-15,D00,type2,4
134,2025-05-15,D00,type3,2
135,2025-05-16,D00,type0,0
135,2025-05-16,D00,type1,3
135,2025-05-16,D00,type2,2
135,2025-05-16,D00,type3,2
136,2025-05-17,D00,type0,2
136,2025-05-17,D00,type1,3
136,2025-05-17,D00,type2,1
136,2025-05-17,D00,type3,3
137,2025-05-18,D00,type0,4
137,2025-05-18,D00,type1,3
137,2025-05-18,D00,type2,5
137,2025-05-18,D00,type3,0
138,2025-05-19,D00,type0,0
138,2025-05-19,D00,type1,1
138,2025-05-19,D00,type2,3
138,2025-05-19,D00,type3,1
139,2025-05-20,D00,type0,0
139,2025-05-20,D00,type1,1
139,2025-05-20,D00,type2,4
139,2025-05-20,D00,type3,0
140,2025-05-21,D00,type0,0
140,2025-05-21,D00,type1,0
140,2025-05-21,D00,type2,3
140,2025-05-21,D00,type3,2
141,2025-05-22,D00,type0,3
141,2025-05-22,D00,type1,3
141,2025-05-22,D00,type2,4
141,2025-05-22,D00,type3,2
142,2025-05-23,D00,type0,3
142,2025-05-23,D00,type1,0
142,2025-05-23,D00,type2,3
142,2025-05-23,D00,type3,0
143,2025-05-24,D00,type0,2
143,2025-05-24,D00,type1,2
143,2025-05-24,D00,type2,7
143,2025-05-24,D00,type3,1
144,2025-05-25,D00,type0,1
144,2025-05-25,D00,type1,2
144,2025-05-25,D00,type2,1
144,2025-05-25,D00,type3,0
145,2025-05-26,D00,type0,0
145,2025-05-26,D00,type1,0
145,2025-05-26,D00,type2,4
145,2025-05-26,D00,type3,1
146,2025-05-27,D00,type0,1
146,2025-05-27,D00,type1,1
146,2025-05-27,D00,type2,7
146,2025-05-27,D00,type3,0
147,2025-05-28,D00,type0,0
147,2025-05-28,D00,type1,0
147,2025-05-28,D00,type2,7
147,2025-05-28,D00,type3,1
148,2025-05-29,D00,type0,1
148,2025-05-29,D00,type1,4
148,2025-05-29,D00,type2,1
148,2025-05-29,D00,type3,1
149,2025-05-30,D00,type0,0
149,2025-05-30,D00,type1,0
149,2025-05-30,D00,type2,6
149,2025-05-30,D00,type3,1
150,2025-05-31,D00,type0,2
150,2025-05-31,D00,type1,1
150,2025-05-31,D00,type2,6
150,2025-05-31,D00,type3,1
151,2025-06-01,D00,type0,0
151,2025-06-01,D00,type1,0
151,2025-06-01,D00,type2,2
151,2025-06-01,D00,type3,0
152,2025-06-02,D00,type0,2
152,2025-06-02,D00,type1,0
152,2025-06-02,D00,type2,3
152,2025-06-02,D00,type3,1
153,2025-06-03,D00,type0,1
153,2025-06-03,D00,type1,1
153,2025-06-03,D00,type2,4
153,2025-06-03,D00,type3,2
154,2025-06-04,D00,type0,1
154,2025-06-04,D00,type1,2
154,2025-06-04,D00,type2,6
154,2025-06-04,D00,type3,0
155,2025-06-05,D00,type0,1
155,2025-06-05,D00,type1,3
155,2025-06-05,D00,type2,2
155,2025-06-05,D00,type3,0
156,2025-06-06,D00,type0,1
156,2025-06-06,D00,type1,5
156,2025-06-06,D00,type2,2
156,2025-06-06,D00,type3,1
157,2025-06-07,D00,type0,2
157,2025-06-07,D00,type1,1
157,2025-06-07,D00,type2,7
157,2025-06-07,D00,type3,3
158,2025-06-08,D00,type0,1
158,2025-06-08,D00,type1,1
158,2025-06-08,D00,type2,2
158,2025-06-08,D00,type3,0
159,2025-06-09,D00,type0,0
159,2025-06-09,D00,type1,4
159,2025-06-09,D00,type2,3
159,2025-06-09,D00,type3,1
160,2025-06-10,D00,type0,5
160,2025-06-10,D00,type1,0
160,2025-06-10,D00,type2,2
160,2025-06-10,D00,type3,0
161,2025-06-11,D00,type0,1
161,2025-06-11,D00,type1,2
161,2025-06-11,D00,type2,3
161,2025-06-11,D00,type3,4
162,2025-06-12,D00,type0,0
162,2025-06-12,D00,type1,2
162,2025-06-12,D00,type2,7
162,2025-06-12,D00,type3,1
163,2025-06-13,D00,type0,1
163,2025-06-13,D00,type1,2
163,2025-06-13,D00,type2,7
163,2025-06-13,D00,type3,2
164,2025-06-14,D00,type0,0
164,2025-06-14,D00,type1,1
164,2025-06-14,D00,type2,3
164,2025-06-14,D00,type3,2
165,2025-06-15,D00,type0,2
165,2025-06-15,D00,type1,3
165,2025-06-15,D00,type2,4
165,2025-06-15,D00,type3,1
166,2025-06-16,D00,type0,1
166,2025-06-16,D00,type1,2
166,2025-06-16,D00,type2,8
166,2025-06-16,D00,type3,0
167,2025-06-17,D00,type0,2
167,2025-06-17,D00,type1,1
167,2025-06-17,D00,type2,4
167,2025-06-17,D00,type3,0
168,2025-06-18,D00,type0,1
168,2025-06-18,D00,type1,2
168,2025-06-18,D00,type2,4
168,2025-06-18,D00,type3,0
169,2025-06-19,D00,type0,1
169,2025-06-19,D00,type1,3
169,2025-06-19,D00,type2,7
169,2025-06-19,D00,type3,2
170,2025-06-20,D00,type0,2
170,2025-06-20,D00,type1,2
170,2025-06-20,D00,type2,5
170,2025-06-20,D00,type3,1
171,2025-06-21,D00,type0,5
171,2025-06-21,D00,type1,9
171,2025-06-21,D00,type2,3
171,2025-06-21,D00,type3,0
172,2025-06-22,D00,type0,3
172,2025-06-22,D00,type1,3
172,2025-06-22,D00,type2,5
172,2025-06-22,D00,type3,2
173,2025-06-23,D00,type0,0
173,2025-06-23,D00,type1,3
173,2025-06-23,D00,type2,6
173,2025-06-23,D00,type3,0
174,2025-06-24,D00,type0,2
174,2025-06-24,D00,type1,3
174,2025-06-24,D00,type2,3
174,2025-06-24,D00,type3,0
175,2025-06-25,D00,type0,1
175,2025-06-25,D00,type1,2
175,2025-06-25,D00,type2,7
175,2025-06-25,D00,type3,2
176,2025-06-26,D00,type0,2
176,2025-06-26,D00,type1,2
176,2025-06-26,D00,type2,9
176,2025-06-26,D00,type3,1
177,2025-06-27,D00,type0,0
177,2025-06-27,D00,type1,4
177,2025-06-27,D00,type2,10
177,2025-06-27,D00,type3,1
178,2025-06-28,D00,type0,1
178,2025-06-28,D00,type1,5
178,2025-06-28,D00,type2,6
178,2025-06-28,D00,type3,1
179,2025-06-29,D00,type0,1
179,2025-06-29,D00,type1,2
179,2025-06-29,D00,type2,4
179,2025-06-29,D00,type3,2
180,2025-06-30,D00,type0,0
180,2025-06-30,D00,type1,4
180,2025-06-30,D00,type2,11
180,2025-06-30,D00,type3,0
181,2025-07-01,D00,type0,2
181,2025-07-01,D00,type1,6
181,2025-07-01,D00,type2,8
181,2025-07-01,D00,type3,2
182,2025-07-02,D00,type0,0
182,2025-07-02,D00,type1,3
182,2025-07-02,D00,type2,6
182,2025-07-02,D00,type3,1
183,2025-07-03,D00,type0,2
183,2025-07-03,D00,type1,7
183,2025-07-03,D00,type2,6
183,2025-07-03,D00,type3,0
184,2025-07-04,D00,type0,1
184,2025-07-04,D00,type1,4
184,2025-07-04,D00,type2,10
184,2025-07-04,D00,type3,0
185,2025-07-05,D00,type0,1
185,2025-07-05,D00,type1,4
185,2025-07-05,D00,type2,9
185,2025-07-05,D00,type3,1
186,2025-07-06,D00,type0,0
186,2025-07-06,D00,type1,5
186,2025-07-06,D00,type2,5
186,2025-07-06,D00,type3,3
187,2025-07-07,D00,type0,2
187,2025-07-07,D00,type1,2
187,2025-07-07,D00,type2,6
187,2025-07-07,D00,type3,0
188,2025-07-08,D00,type0,1
188,2025-07-08,D00,type1,2
188,2025-07-08,D00,type2,6
188,2025-07-08,D00,type3,3
189,2025-07-09,D00,type0,1
189,2025-07-09,D00,type1,2
189,2025-07-09,D00,type2,4
189,2025-07-09,D00,type3,0
190,2025-07-10,D00,type0,2
190,2025-07-10,D00,type1,1
190,2025-07-10,D00,type2,9
190,2025-07-10,D00,type3,1
191,2025-07-11,D00,type0,0
191,2025-07-11,D00,type1,2
191,2025-07-11,D00,type2,9
191,2025-07-11,D00,type3,1
192,2025-07-12,D00,type0,1
192,2025-07-12,D00,type1,2
192,2025-07-12,D00,type2,7
192,2025-07-12,D00,type3,1
193,2025-07-13,D00,type0,0
193,2025-07-13,D00,type1,5
193,2025-07-13,D00,type2,7
193,2025-07-13,D00,type3,1
194,2025-07-14,D00,type0,1
194,2025-07-14,D00,type1,4
194,2025-07-14,D00,type2,8
194,2025-07-14,D00,type3,2
195,2025-07-15,D00,type0,0
195,2025-07-15,D00,type1,1
195,2025-07-15,D00,type2,11
195,2025-07-15,D00,type3,0
196,2025-07-16,D00,type0,4
196,2025-07-16,D00,type1,3
196,2025-07-16,D00,type2,8
196,2025-07-16,D00,type3,4
197,2025-07-17,D00,type0,3
197,2025-07-17,D00,type1,1
197,2025-07-17,D00,type2,9
197,2025-07-17,D00,type3,3
198,2025-07-18,D00,type0,2
198,2025-07-18,D00,type1,3
198,2025-07-18,D00,type2,9
198,2025-07-18,D00,type3,1
199,2025-07-19,D00,type0,0
199,2025-07-19,D00,type1,4
199,2025-07-19,D00,type2,13
199,2025-07-19,D00,type3,1
200,2025-07-20,D00,type0,1
200,2025-07-20,D00,type1,3
200,2025-07-20,D00,type2,5
200,2025-07-20,D00,type3,0
201,2025-07-21,D00,type0,0
201,2025-07-21,D00,type1,2
201,2025-07-21,D00,type2,9
201,2025-07-21,D00,type3,1
202,2025-07-22,D00,type0,1
202,2025-07-22,D00,type1,7
202,2025-07-22,D00,type2,9
202,2025-07-22,D00,type3,1
203,2025-07-23,D00,type0,1
203,2025-07-23,D00,type1,2
203,2025-07-23,D00,type2,10
203,2025-07-23,D00,type3,0
204,2025-07-24,D00,type0,3
204,2025-07-24,D00,type1,8
204,2025-07-24,D00,type2,6
204,2025-07-24,D00,type3,1
205,2025-07-25,D00,type0,1
205,2025-07-25,D00,type1,3
205,2025-07-25,D00,type2,8
205,2025-07-25,D00,type3,1
206,2025-07-26,D00,type0,0
206,2025-07-26,D00,type1,4
206,2025-07-26,D00,type2,7
206,2025-07-26,D00,type3,0
207,2025-07-27,D00,type0,0
207,2025-07-27,D00,type1,4
207,2025-07-27,D00,type2,13
207,2025-07-27,D00,type3,2
208,2025-07-28,D00,type0,0
208,2025-07-28,D00,type1,1
208,2025-07-28,D00,type2,8
208,2025-07-28,D00,type3,2
209,2025-07-29,D00,type0,2
209,2025-07-29,D00,type1,7
209,2025-07-29,D00,type2,12
209,2025-07-29,D00,type3,2
210,2025-07-30,D00,type0,0
210,2025-07-30,D00,type1,3
210,2025-07-30,D00,type2,12
210,2025-07-30,D00,type3,0
211,2025-07-31,D00,type0,3
211,2025-07-31,D00,type1,6
211,2025-07-31,D00,type2,12
211,2025-07-31,D00,type3,0
212,2025-08-01,D00,type0,2
212,2025-08-01,D00,type1,2
212,2025-08-01,D00,type2,9
212,2025-08-01,D00,type3,0
213,2025-08-02,D00,type0,2
213,2025-08-02,D00,type1,4
213,2025-08-02,D00,type2,11
213,2025-08-02,D00,type3,1
214,2025-08-03,D00,type0,2
214,2025-08-03,D00,type1,3
214,2025-08-03,D00,type2,6
214,2025-08-03,D00,type3,0
215,2025-08-04,D00,type0,2
215,2025-08-04,D00,type1,2
215,2025-08-04,D00,type2,9
215,2025-08-04,D00,type3,2
216,2025-08-05,D00,type0,3
216,2025-08-05,D00,type1,3
216,2025-08-05,D00,type2,10
216,2025-08-05,D00,type3,1
217,2025-08-06,D00,type0,1
217,2025-08-06,D00,type1,5
217,2025-08-06,D00,type2,2
217,2025-08-06,D00,type3,1
218,2025-08-07,D00,type0,0
218,2025-08-07,D00,type1,3
218,2025-08-07,D00,type2,9
218,2025-08-07,D00,type3,2
219,2025-08-08,D00,type0,0
219,2025-08-08,D00,type1,2
219,2025-08-08,D00,type2,7
219,2025-08-08,D00,type3,1
220,2025-08-09,D00,type0,1
220,2025-08-09,D00,type1,2
220,2025-08-09,D00,type2,5
220,2025-08-09,D00,type3,0
221,2025-08-10,D00,type0,2
221,2025-08-10,D00,type1,2
221,2025-08-10,D00,type2,9
221,2025-08-10,D00,type3,0
222,2025-08-11,D00,type0,1
222,2025-08-11,D00,type1,4
222,2025-08-11,D00,type2,13
222,2025-08-11,D00,type3,0
223,2025-08-12,D00,type0,0
223,2025-08-12,D00,type1,1
223,2025-08-12,D00,type2,10
223,2025-08-12,D00,type3,0
224,2025-08-13,D00,type0,5
224,2025-08-13,D00,type1,1
224,2025-08-13,D00,type2,10
224,2025-08-13,D00,type3,2
225,2025-08-14,D00,type0,0
225,2025-08-14,D00,type1,3
225,2025-08-14,D00,type2,4
225,2025-08-14,D00,type3,0
226,2025-08-15,D00,type0,0
226,2025-08-15,D00,type1,3
226,2025-08-15,D00,type2,5
226,2025-08-15,D00,type3,1
227,2025-08-16,D00,type0,2
227,2025-08-16,D00,type1,2
227,2025-08-16,D00,type2,8
227,2025-08-16,D00,type3,3
228,2025-08-17,D00,type0,2
228,2025-08-17,D00,type1,2
228,2025-08-17,D00,type2,10
228,2025-08-17,D00,type3,1
229,2025-08-18,D00,type0,1
229,2025-08-18,D00,type1,1
229,2025-08-18,D00,type2,9
229,2025-08-18,D00,type3,0
230,2025-08-19,D00,type0,0
230,2025-08-19,D00,type1,2
230,2025-08-19,D00,type2,11
230,2025-08-19,D00,type3,1
231,2025-08-20,D00,type0,2
231,2025-08-20,D00,type1,4
231,2025-08-20,D00,type2,8
231,2025-08-20,D00,type3,1
232,2025-08-21,D00,type0,2
232,2025-08-21,D00,type1,1
232,2025-08-21,D00,type2,5
232,2025-08-21,D00,type3,0
233,2025-08-22,D00,type0,0
233,2025-08-22,D00,type1,3
233,2025-08-22,D00,type2,5
233,2025-08-22,D00,type3,2
234,2025-08-23,D00,type0,1
234,2025-08-23,D00,type1,1
234,2025-08-23,D00,type2,3
234,2025-08-23,D00,type3,2
235,2025-08-24,D00,type0,3
235,2025-08-24,D00,type1,1
235,2025-08-24,D00,type2,9
235,2025-08-24,D00,type3,0
236,2025-08-25,D00,type0,3
236,2025-08-25,D00,type1,3
236,2025-08-25,D00,type2,4
236,2025-08-25,D00,type3,4
237,2025-08-26,D00,type0,2
237,2025-08-26,D00,type1,2
237,2025-08-26,D00,type2,6
237,2025-08-26,D00,type3,1
238,2025-08-27,D00,type0,1
238,2025-08-27,D00,type1,0
238,2025-08-27,D00,type2,13
238,2025-08-27,D00,type3,1
239,2025-08-28,D00,type0,2
239,2025-08-28,D00,type1,2
239,2025-08-28,D00,type2,7
239,2025-08-28,D00,type3,1
240,2025-08-29,D00,type0,1
240,2025-08-29,D00,type1,3
240,2025-08-29,D00,type2,7
240,2025-08-29,D00,type3,0
241,2025-08-30,D00,type0,2
241,2025-08-30,D00,type1,3
241,2025-08-30,D00,type2,7
241,2025-08-30,D00,type3,1
242,2025-08-31,D00,type0,2
242,2025-08-31,D00,type1,1
242,2025-08-31,D00,type2,6
242,2025-08-31,D00,type3,1
243,2025-09-01,D00,type0,5
243,2025-09-01,D00,type1,1
243,2025-09-01,D00,type2,6
243,2025-09-01,D00,type3,1
244,2025-09-02,D00,type0,1
244,2025-09-02,D00,type1,2
244,2025-09-02,D00,type2,7
244,2025-09-02,D00,type3,1
245,2025-09-03,D00,type0,1
245,2025-09-03,D00,type1,0
245,2025-09-03,D00,type2,8
245,2025-09-03,D00,type3,1
246,2025-09-04,D00,type0,0
246,2025-09-04,D00,type1,3
246,2025-09-04,D00,type2,3
246,2025-09-04,D00,type3,3
247,2025-09-05,D00,type0,2
247,2025-09-05,D00,type1,2
247,2025-09-05,D00,type2,4
247,2025-09-05,D00,type3,0
248,2025-09-06,D00,type0,1
248,2025-09-06,D00,type1,4
248,2025-09-06,D00,type2,3
248,2025-09-06,D00,type3,0
249,2025-09-07,D00,type0,0
249,2025-09-07,D00,type1,1
249,2025-09-07,D00,type2,4
249,2025-09-07,D00,type3,0
250,2025-09-08,D00,type0,1
250,2025-09-08,D00,type1,1
250,2025-09-08,D00,type2,5
250,2025-09-08,D00,type3,1
251,2025-09-09,D00,type0,1
251,2025-09-09,D00,type1,4
251,2025-09-09,D00,type2,5
251,2025-09-09,D00,type3,2
252,2025-09-10,D00,type0,1
252,2025-09-10,D00,type1,1
252,2025-09-10,D00,type2,5
252,2025-09-10,D00,type3,3
253,2025-09-11,D00,type0,1
253,2025-09-11,D00,type1,0
253,2025-09-11,D00,type2,4
253,2025-09-11,D00,type3,0
254,2025-09-12,D00,type0,3
254,2025-09-12,D00,type1,0
254,2025-09-12,D00,type2,4
254,2025-09-12,D00,type3,2
255,2025-09-13,D00,type0,0
255,2025-09-13,D00,type1,1
255,2025-09-13,D00,type2,3
255,2025-09-13,D00,type3,1
256,2025-09-14,D00,type0,1
256,2025-09-14,D00,type1,3
256,2025-09-14,D00,type2,7
256,2025-09-14,D00,type3,0
257,2025-09-15,D00,type0,3
257,2025-09-15,D00,type1,1
257,2025-09-15,D00,type2,3
257,2025-09-15,D00,type3,0
258,2025-09-16,D00,type0,0
258,2025-09-16,D00,type1,1
258,2025-09-16,D00,type2,3
258,2025-09-16,D00,type3,1
259,2025-09-17,D00,type0,2
259,2025-09-17,D00,type1,2
259,2025-09-17,D00,type2,7
259,2025-09-17,D00,type3,1
260,2025-09-18,D00,type0,2
260,2025-09-18,D00,type1,0
260,2025-09-18,D00,type2,5
260,2025-09-18,D00,type3,0
261,2025-09-19,D00,type0,1
261,2025-09-19,D00,type1,0
261,2025-09-19,D00,type2,5
261,2025-09-19,D00,type3,1
262,2025-09-20,D00,type0,3
262,2025-09-20,D00,type1,1
262,2025-09-20,D00,type2,4
262,2025-09-20,D00,type3,2
263,2025-09-21,D00,type0,2
263,2025-09-21,D00,type1,1
263,2025-09-21,D00,type2,3
263,2025-09-21,D00,type3,1
264,2025-09-22,D00,type0,0
264,2025-09-22,D00,type1,2
264,2025-09-22,D00,type2,4
264,2025-09-22,D00,type3,1
265,2025-09-23,D00,type0,0
265,2025-09-23,D00,type1,1
265,2025-09-23,D00,type2,1
265,2025-09-23,D00,type3,1
266,2025-09-24,D00,type0,1
266,2025-09-24,D00,type1,2
266,2025-09-24,D00,type2,5
266,2025-09-24,D00,type3,0
267,2025-09-25,D00,type0,3
267,2025-09-25,D00,type1,1
267,2025-09-25,D00,type2,5
267,2025-09-25,D00,type3,0
268,2025-09-26,D00,type0,3
268,2025-09-26,D00,type1,1
268,2025-09-26,D00,type2,4
268,2025-09-26,D00,type3,2
269,2025-09-27,D00,type0,0
269,2025-09-27,D00,type1,0
269,2025-09-27,D00,type2,0
269,2025-09-27,D00,type3,0
270,2025-09-28,D00,type0,2
270,2025-09-28,D00,type1,1
270,2025-09-28,D00,type2,5
270,2025-09-28,D00,type3,1
271,2025-09-29,D00,type0,0
271,2025-09-29,D00,type1,1
271,2025-09-29,D00,type2,3
271,2025-09-29,D00,type3,2
272,2025-09-30,D00,type0,0
272,2025-09-30,D00,type1,2
272,2025-09-30,D00,type2,2
272,2025-09-30,D00,type3,0
273,2025-10-01,D00,type0,2
273,2025-10-01,D00,type1,1
273,2025-10-01,D00,type2,7
273,2025-10-01,D00,type3,1
274,2025-10-02,D00,type0,5
274,2025-10-02,D00,type1,1
274,2025-10-02,D00,type2,4
274,2025-10-02,D00,type3,2
275,2025-10-03,D00,type0,3
275,2025-10-03,D00,type1,4
275,2025-10-03,D00,type2,6
275,2025-10-03,D00,type3,0
276,2025-10-04,D00,type0,0
276,2025-10-04,D00,type1,0
276,2025-10-04,D00,type2,5
276,2025-10-04,D00,type3,1
277,2025-10-05,D00,type0,0
277,2025-10-05,D00,type1,3
277,2025-10-05,D00,type2,6
277,2025-10-05,D00,type3,0
278,2025-10-06,D00,type0,0
278,2025-10-06,D00,type1,1
278,2025-10-06,D00,type2,4
278,2025-10-06,D00,type3,3
279,2025-10-07,D00,type0,1
279,2025-10-07,D00,type1,1
279,2025-10-07,D00,type2,4
279,2025-10-07,D00,type3,2
280,2025-10-08,D00,type0,0
280,2025-10-08,D00,type1,0
280,2025-10-08,D00,type2,4
280,2025-10-08,D00,type3,1
281,2025-10-09,D00,type0,1
281,2025-10-09,D00,type1,3
281,2025-10-09,D00,type2,1
281,2025-10-09,D00,type3,1
282,2025-10-10,D00,type0,3
282,2025-10-10,D00,type1,2
282,2025-10-10,D00,type2,3
282,2025-10-10,D00,type3,3
283,2025-10-11,D00,type0,0
283,2025-10-11,D00,type1,1
283,2025-10-11,D00,type2,4
283,2025-10-11,D00,type3,1
284,2025-10-12,D00,type0,3
284,2025-10-12,D00,type1,2
284,2025-10-12,D00,type2,4
284,2025-10-12,D00,type3,2
285,2025-10-13,D00,type0,1
285,2025-10-13,D00,type1,3
285,2025-10-13,D00,type2,8
285,2025-10-13,D00,type3,0
286,2025-10-14,D00,type0,1
286,2025-10-14,D00,type1,2
286,2025-10-14,D00,type2,5
286,2025-10-14,D00,type3,1
287,2025-10-15,D00,type0,2
287,2025-10-15,D00,type1,1
287,2025-10-15,D00,type2,3
287,2025-10-15,D00,type3,1
288,2025-10-16,D00,type0,3
288,2025-10-16,D00,type1,1
288,2025-10-16,D00,type2,2
288,2025-10-16,D00,type3,0
289,2025-10-17,D00,type0,0
289,2025-10-17,D00,type1,4
289,2025-10-17,D00,type2,0
289,2025-10-17,D00,type3,0
290,2025-10-18,D00,type0,1
290,2025-10-18,D00,type1,3
290,2025-10-18,D00,type2,3
290,2025-10-18,D00,type3,1
291,2025-10-19,D00,type0,0
291,2025-10-19,D00,type1,1
291,2025-10-19,D00,type2,7
291,2025-10-19,D00,type3,0
292,2025-10-20,D00,type0,1
292,2025-10-20,D00,type1,2
292,2025-10-20,D00,type2,3
292,2025-10-20,D00,type3,2
293,2025-10-21,D00,type0,4
293,2025-10-21,D00,type1,3
293,2025-10-21,D00,type2,1
293,2025-10-21,D00,type3,2
294,2025-10-22,D00,type0,3
294,2025-10-22,D00,type1,1
294,2025-10-22,D00,type2,6
294,2025-10-22,D00,type3,2
295,2025-10-23,D00,type0,0
295,2025-10-23,D00,type1,2
295,2025-10-23,D00,type2,8
295,2025-10-23,D00,type3,2
296,2025-10-24,D00,type0,1
296,2025-10-24,D00,type1,3
296,2025-10-24,D00,type2,8
296,2025-10-24,D00,type3,0
297,2025-10-25,D00,type0,0
297,2025-10-25,D00,type1,2
297,2025-10-25,D00,type2,2
297,2025-10-25,D00,type3,3
298,2025-10-26,D00,type0,0
298,2025-10-26,D00,type1,2
298,2025-10-26,D00,type2,0
298,2025-10-26,D00,type3,0
299,2025-10-27,D00,type0,3
299,2025-10-27,D00,type1,0
299,2025-10-27,D00,type2,7
299,2025-10-27,D00,type3,1
300,2025-10-28,D00,type0,0
300,2025-10-28,D00,type1,1
300,2025-10-28,D00,type2,5
300,2025-10-28,D00,type3,1
301,2025-10-29,D00,type0,0
301,2025-10-29,D00,type1,3
301,2025-10-29,D00,type2,3
301,2025-10-29,D00,type3,2
302,2025-10-30,D00,type0,4
302,2025-10-30,D00,type1,4
302,2025-10-30,D00,type2,3
302,2025-10-30,D00,type3,1
303,2025-10-31,D00,type0,1
303,2025-10-31,D00,type1,3
303,2025-10-31,D00,type2,7
303,2025-10-31,D00,type3,3
304,2025-11-01,D00,type0,3
304,2025-11-01,D00,type1,3
304,2025-11-01,D00,type2,5
304,2025-11-01,D00,type3,1
305,2025-11-02,D00,type0,2
305,2025-11-02,D00,type1,2
305,2025-11-02,D00,type2,7
305,2025-11-02,D00,type3,3
306,2025-11-03,D00,type0,2
306,2025-11-03,D00,type1,2
306,2025-11-03,D00,type2,2
306,2025-11-03,D00,type3,0
307,2025-11-04,D00,type0,2
307,2025-11-04,D00,type1,0
307,2025-11-04,D00,type2,3
307,2025-11-04,D00,type3,5
308,2025-11-05,D00,type0,4
308,2025-11-05,D00,type1,2
308,2025-11-05,D00,type2,2
308,2025-11-05,D00,type3,0
309,2025-11-06,D00,type0,2
309,2025-11-06,D00,type1,2
309,2025-11-06,D00,type2,2
309,2025-11-06,D00,type3,1
310,2025-11-07,D00,type0,2
310,2025-11-07,D00,type1,4
310,2025-11-07,D00,type2,3
310,2025-11-07,D00,type3,1
311,2025-11-08,D00,type0,0
311,2025-11-08,D00,type1,3
311,2025-11-08,D00,type2,3
311,2025-11-08,D00,type3,2
312,2025-11-09,D00,type0,1
312,2025-11-09,D00,type1,2
312,2025-11-09,D00,type2,1
312,2025-11-09,D00,type3,1
313,2025-11-10,D00,type0,4
313,2025-11-10,D00,type1,4
313,2025-11-10,D00,type2,2
313,2025-11-10,D00,type3,1
314,2025-11-11,D00,type0,0
314,2025-11-11,D00,type1,2
314,2025-11-11,D00,type2,4
314,2025-11-11,D00,type3,2
315,2025-11-12,D00,type0,1
315,2025-11-12,D00,type1,2
315,2025-11-12,D00,type2,4
315,2025-11-12,D00,type3,1
316,2025-11-13,D00,type0,1
316,2025-11-13,D00,type1,3
316,2025-11-13,D00,type2,5
316,2025-11-13,D00,type3,3
317,2025-11-14,D00,type0,0
317,2025-11-14,D00,type1,5
317,2025-11-14,D00,type2,3
317,2025-11-14,D00,type3,2
318,2025-11-15,D00,type0,0
318,2025-11-15,D00,type1,3
318,2025-11-15,D00,type2,4
318,2025-11-15,D00,type3,0
319,2025-11-16,D00,type0,1
319,2025-11-16,D00,type1,3
319,2025-11-16,D00,type2,6
319,2025-11-16,D00,type3,2
320,2025-11-17,D00,type0,3
320,2025-11-17,D00,type1,5
320,2025-11-17,D00,type2,3
320,2025-11-17,D00,type3,3
321,2025-11-18,D00,type0,2
321,2025-11-18,D00,type1,3
321,2025-11-18,D00,type2,8
321,2025-11-18,D00,type3,2
322,2025-11-19,D00,type0,0
322,2025-11-19,D00,type1,2
322,2025-11-19,D00,type2,8
322,2025-11-19,D00,type3,3
323,2025-11-20,D00,type0,1
323,2025-11-20,D00,type1,1
323,2025-11-20,D00,type2,2
323,2025-11-20,D00,type3,3
324,2025-11-21,D00,type0,1
324,2025-11-21,D00,type1,4
324,2025-11-21,D00,type2,4
324,2025-11-21,D00,type3,1
325,2025-11-22,D00,type0,0
325,2025-11-22,D00,type1,1
325,2025-11-22,D00,type2,7
325,2025-11-22,D00,type3,2
326,2025-11-23,D00,type0,2
326,2025-11-23,D00,type1,4
326,2025-11-23,D00,type2,3
326,2025-11-23,D00,type3,0
327,2025-11-24,D00,type0,1
327,2025-11-24,D00,type1,4
327,2025-11-24,D00,type2,7
327,2025-11-24,D00,type3,1
328,2025-11-25,D00,type0,2
328,2025-11-25,D00,type1,6
328,2025-11-25,D00,type2,4
328,2025-11-25,D00,type3,3
329,2025-11-26,D00,type0,0
329,2025-11-26,D00,type1,2
329,2025-11-26,D00,type2,7
329,2025-11-26,D00,type3,0
330,2025-11-27,D00,type0,1
330,2025-11-27,D00,type1,3
330,2025-11-27,D00,type2,4
330,2025-11-27,D00,type3,1
331,2025-11-28,D00,type0,3
331,2025-11-28,D00,type1,7
331,2025-11-28,D00,type2,4
331,2025-11-28,D00,type3,4
332,2025-11-29,D00,type0,1
332,2025-11-29,D00,type1,2
332,2025-11-29,D00,type2,8
332,2025-11-29,D00,type3,5
333,2025-11-30,D00,type0,0
333,2025-11-30,D00,type1,4
333,2025-11-30,D00,type2,3
333,2025-11-30,D00,type3,6
334,2025-12-01,D00,type0,1
334,2025-12-01,D00,type1,6
334,2025-12-01,D00,type2,4
334,2025-12-01,D00,type3,6
335,2025-12-02,D00,type0,2
335,2025-12-02,D00,type1,4
335,2025-12-02,D00,type2,4
335,2025-12-02,D00,type3,1
336,2025-12-03,D00,type0,3
336,2025-12-03,D00,type1,3
336,2025-12-03,D00,type2,2
336,2025-12-03,D00,type3,6
337,2025-12-04,D00,type0,0
337,2025-12-04,D00,type1,5
337,2025-12-04,D00,type2,4
337,2025-12-04,D00,type3,0
338,2025-12-05,D00,type0,2
338,2025-12-05,D00,type1,1
338,2025-12-05,D00,type2,2
338,2025-12-05,D00,type3,4
339,2025-12-06,D00,type0,2
339,2025-12-06,D00,type1,3
339,2025-12-06,D00,type2,4
339,2025-12-06,D00,type3,3
340,2025-12-07,D00,type0,0
340,2025-12-07,D00,type1,0
340,2025-12-07,D00,type2,0
340,2025-12-07,D00,type3,3
341,2025-12-08,D00,type0,0
341,2025-12-08,D00,type1,3
341,2025-12-08,D00,type2,3
341,2025-12-08,D00,type3,1
342,2025-12-09,D00,type0,0
342,2025-12-09,D00,type1,3
342,2025-12-09,D00,type2,2
342,2025-12-09,D00,type3,3
343,2025-12-10,D00,type0,2
343,2025-12-10,D00,type1,4
343,2025-12-10,D00,type2,4
343,2025-12-10,D00,type3,4
344,2025-12-11,D00,type0,1
344,2025-12-11,D00,type1,1
344,2025-12-11,D00,type2,2
344,2025-12-11,D00,type3,3
345,2025-12-12,D00,type0,2
345,2025-12-12,D00,type1,5
345,2025-12-12,D00,type2,3
345,2025-12-12,D00,type3,3
346,2025-12-13,D00,type0,1
346,2025-12-13,D00,type1,2
346,2025-12-13,D00,type2,4
346,2025-12-13,D00,type3,3
347,2025-12-14,D00,type0,0
347,2025-12-14,D00,type1,4
347,2025-12-14,D00,type2,6
347,2025-12-14,D00,type3,1
348,2025-12-15,D00,type0,2
348,2025-12-15,D00,type1,10
348,2025-12-15,D00,type2,5
348,2025-12-15,D00,type3,5
349,2025-12-16,D00,type0,3
349,2025-12-16,D00,type1,9
349,2025-12-16,D00,type2,1
349,2025-12-16,D00,type3,3
350,2025-12-17,D00,type0,3
350,2025-12-17,D00,type1,6
350,2025-12-17,D00,type2,5
350,2025-12-17,D00,type3,4
351,2025-12-18,D00,type0,1
351,2025-12-18,D00,type1,4
351,2025-12-18,D00,type2,5
351,2025-12-18,D00,type3,2
352,2025-12-19,D00,type0,2
352,2025-12-19,D00,type1,7
352,2025-12-19,D00,type2,1
352,2025-12-19,D00,type3,3
353,2025-12-20,D00,type0,1
353,2025-12-20,D00,type1,2
353,2025-12-20,D00,type2,3
353,2025-12-20,D00,type3,2
354,2025-12-21,D00,type0,4
354,2025-12-21,D00,type1,5
354,2025-12-21,D00,type2,2
354,2025-12-21,D00,type3,3
355,2025-12-22,D00,type0,0
355,2025-12-22,D00,type1,4
355,2025-12-22,D00,type2,2
355,2025-12-22,D00,type3,5
356,2025-12-23,D00,type0,2
356,2025-12-23,D00,type1,2
356,2025-12-23,D00,type2,8
356,2025-12-23,D00,type3,3
357,2025-12-24,D00,type0,1
357,2025-12-24,D00,type1,8
357,2025-12-24,D00,type2,1
357,2025-12-24,D00,type3,6
358,2025-12-25,D00,type0,2
358,2025-12-25,D00,type1,2
358,2025-12-25,D00,type2,2
358,2025-12-25,D00,type3,4
359,2025-12-26,D00,type0,1
359,2025-12-26,D00,type1,4
359,2025-12-26,D00,type2,4
359,2025-12-26,D00,type3,3
360,2025-12-27,D00,type0,1
360,2025-12-27,D00,type1,3
360,2025-12-27,D00,type2,2
360,2025-12-27,D00,type3,2
361,2025-12-28,D00,type0,2
361,2025-12-28,D00,type1,5
361,2025-12-28,D00,type2,8
361,2025-12-28,D00,type3,3
362,2025-12-29,D00,type0,0
362,2025-12-29,D00,type1,3
362,2025-12-29,D00,type2,3
362,2025-12-29,D00,type3,3
363,2025-12-30,D00,type0,1
363,2025-12-30,D00,type1,2
363,2025-12-30,D00,type2,6
363,2025-12-30,D00,type3,4
364,2025-12-31,D00,type0,0
364,2025-12-31,D00,type1,2
364,2025-12-31,D00,type2,1
364,2025-12-31,D00,type3,7
365,2026-01-01,D00,type0,2
365,2026-01-01,D00,type1,1
365,2026-01-01,D00,type2,4
365,2026-01-01,D00,type3,4
366,2026-01-02,D00,type0,0
366,2026-01-02,D00,type1,4
366,2026-01-02,D00,type2,4
366,2026-01-02,D00,type3,4
367,2026-01-03,D00,type0,1
367,2026-01-03,D00,type1,2
367,2026-01-03,D00,type2,5
367,2026-01-03,D00,type3,3
368,2026-01-04,D00,type0,2
368,2026-01-04,D00,type1,5
368,2026-01-04,D00,type2,5
368,2026-01-04,D00,type3,1
369,2026-01-05,D00,type0,1
369,2026-01-05,D00,type1,4
369,2026-01-05,D00,type2,5
369,2026-01-05,D00,type3,6
370,2026-01-06,D00,type0,0
370,2026-01-06,D00,type1,4
370,2026-01-06,D00,type2,3
370,2026-01-06,D00,type3,4
371,2026-01-07,D00,type0,1
371,2026-01-07,D00,type1,3
371,2026-01-07,D00,type2,5
371,2026-01-07,D00,type3,4
372,2026-01-08,D00,type0,0
372,2026-01-08,D00,type1,5
372,2026-01-08,D00,type2,6
372,2026-01-08,D00,type3,6
373,2026-01-09,D00,type0,1
373,2026-01-09,D00,type1,2
373,2026-01-09,D00,type2,1
373,2026-01-09,D00,type3,6
374,2026-01-10,D00,type0,4
374,2026-01-10,D00,type1,2
374,2026-01-10,D00,type2,5
374,2026-01-10,D00,type3,2
375,2026-01-11,D00,type0,3
375,2026-01-11,D00,type1,4
375,2026-01-11,D00,type2,2
375,2026-01-11,D00,type3,3
376,2026-01-12,D00,type0,0
376,2026-01-12,D00,type1,5
376,2026-01-12,D00,type2,2
376,2026-01-12,D00,type3,6
377,2026-01-13,D00,type0,3
377,2026-01-13,D00,type1,2
377,2026-01-13,D00,type2,3
377,2026-01-13,D00,type3,4
378,2026-01-14,D00,type0,0
378,2026-01-14,D00,type1,4
378,2026-01-14,D00,type2,5
378,2026-01-14,D00,type3,4
379,2026-01-15,D00,type0,4
379,2026-01-15,D00,type1,2
379,2026-01-15,D00,type2,5
379,2026-01-15,D00,type3,6
380,2026-01-16,D00,type0,0
380,2026-01-16,D00,type1,2
380,2026-01-16,D00,type2,4
380,2026-01-16,D00,type3,6
381,2026-01-17,D00,type0,2
381,2026-01-17,D00,type1,1
381,2026-01-17,D00,type2,6
381,2026-01-17,D00,type3,3
382,2026-01-18,D00,type0,2
382,2026-01-18,D00,type1,5
382,2026-01-18,D00,type2,1
382,2026-01-18,D00,type3,7
383,2026-01-19,D00,type0,1
383,2026-01-19,D00,type1,3
383,2026-01-19,D00,type2,1
383,2026-01-19,D00,type3,1
384,2026-01-20,D00,type0,0
384,2026-01-20,D00,type1,3
384,2026-01-20,D00,type2,6
384,2026-01-20,D00,type3,3
385,2026-01-21,D00,type0,0
385,2026-01-21,D00,type1,7
385,2026-01-21,D00,type2,3
385,2026-01-21,D00,type3,1
386,2026-01-22,D00,type0,1
386,2026-01-22,D00,type1,5
386,2026-01-22,D00,type2,5
386,2026-01-22,D00,type3,6
387,2026-01-23,D00,type0,0
387,2026-01-23,D00,type1,4
387,2026-01-23,D00,type2,3
387,2026-01-23,D00,type3,4
388,2026-01-24,D00,type0,3
388,2026-01-24,D00,type1,3
388,2026-01-24,D00,type2,6
388,2026-01-24,D00,type3,4
389,2026-01-25,D00,type0,1
389,2026-01-25,D00,type1,5
389,2026-01-25,D00,type2,5
389,2026-01-25,D00,type3,6
390,2026-01-26,D00,type0,0
390,2026-01-26,D00,type1,1
390,2026-01-26,D00,type2,1
390,2026-01-26,D00,type3,4
391,2026-01-27,D00,type0,1
391,2026-01-27,D00,type1,2
391,2026-01-27,D00,type2,5
391,2026-01-27,D00,type3,1
392,2026-01-28,D00,type0,2
392,2026-01-28,D00,type1,3
392,2026-01-28,D00,type2,1
392,2026-01-28,D00,type3,3
393,2026-01-29,D00,type0,3
393,2026-01-29,D00,type1,4
393,2026-01-29,D00,type2,2
393,2026-01-29,D00,type3,5
394,2026-01-30,D00,type0,2
394,2026-01-30,D00,type1,0
394,2026-01-30,D00,type2,3
394,2026-01-30,D00,type3,3
395,2026-01-31,D00,type0,1
395,2026-01-31,D00,type1,4
395,2026-01-31,D00,type2,5
395,2026-01-31,D00,type3,2
396,2026-02-01,D00,type0,2
396,2026-02-01,D00,type1,3
396,2026-02-01,D00,type2,4
396,2026-02-01,D00,type3,3
397,2026-02-02,D00,type0,2
397,2026-02-02,D00,type1,1
397,2026-02-02,D00,type2,7
397,2026-02-02,D00,type3,4
398,2026-02-03,D00,type0,1
398,2026-02-03,D00,type1,2
398,2026-02-03,D00,type2,4
398,2026-02-03,D00,type3,3
399,2026-02-04,D00,type0,2
399,2026-02-04,D00,type1,2
399,2026-02-04,D00,type2,10
399,2026-02-04,D00,type3,1
400,2026-02-05,D00,type0,6
400,2026-02-05,D00,type1,4
400,2026-02-05,D00,type2,6
400,2026-02-05,D00,type3,1
401,2026-02-06,D00,type0,1
401,2026-02-06,D00,type1,5
401,2026-02-06,D00,type2,2
401,2026-02-06,D00,type3,2
402,2026-02-07,D00,type0,4
402,2026-02-07,D00,type1,3
402,2026-02-07,D00,type2,10
402,2026-02-07,D00,type3,0
403,2026-02-08,D00,type0,1
403,2026-02-08,D00,type1,5
403,2026-02-08,D00,type2,3
403,2026-02-08,D00,type3,5
404,2026-02-09,D00,type0,0
404,2026-02-09,D00,type1,3
404,2026-02-09,D00,type2,4
404,2026-02-09,D00,type3,4
405,2026-02-10,D00,type0,0
405,2026-02-10,D00,type1,4
405,2026-02-10,D00,type2,1
405,2026-02-10,D00,type3,2
406,2026-02-11,D00,type0,2
406,2026-02-11,D00,type1,4
406,2026-02-11,D00,type2,5
406,2026-02-11,D00,type3,1
407,2026-02-12,D00,type0,2
407,2026-02-12,D00,type1,2
407,2026-02-12,D00,type2,5
407,2026-02-12,D00,type3,6
408,2026-02-13,D00,type0,2
408,2026-02-13,D00,type1,7
408,2026-02-13,D00,type2,3
408,2026-02-13,D00,type3,1
409,2026-02-14,D00,type0,2
409,2026-02-14,D00,type1,4
409,2026-02-14,D00,type2,2
409,2026-02-14,D00,type3,4
410,2026-02-15,D00,type0,2
410,2026-02-15,D00,type1,2
410,2026-02-15,D00,type2,3
410,2026-02-15,D00,type3,3
411,2026-02-16,D00,type0,2
411,2026-02-16,D00,type1,0
411,2026-02-16,D00,type2,3
411,2026-02-16,D00,type3,6
412,2026-02-17,D00,type0,1
412,2026-02-17,D00,type1,5
412,2026-02-17,D00,type2,2
412,2026-02-17,D00,type3,0
413,2026-02-18,D00,type0,0
413,2026-02-18,D00,type1,1
413,2026-02-18,D00,type2,0
413,2026-02-18,D00,type3,1
414,2026-02-19,D00,type0,1
414,2026-02-19,D00,type1,6
414,2026-02-19,D00,type2,4
414,2026-02-19,D00,type3,0
415,2026-02-20,D00,type0,4
415,2026-02-20,D00,type1,2
415,2026-02-20,D00,type2,4
415,2026-02-20,D00,type3,2
416,2026-02-21,D00,type0,2
416,2026-02-21,D00,type1,0
416,2026-02-21,D00,type2,6
416,2026-02-21,D00,type3,5
417,2026-02-22,D00,type0,1
417,2026-02-22,D00,type1,3
417,2026-02-22,D00,type2,3
417,2026-02-22,D00,type3,1
418,2026-02-23,D00,type0,1
418,2026-02-23,D00,type1,2
418,2026-02-23,D00,type2,5
418,2026-02-23,D00,type3,4
419,2026-02-24,D00,type0,0
419,2026-02-24,D00,type1,3
419,2026-02-24,D00,type2,4
419,2026-02-24,D00,type3,4
420,2026-02-25,D00,type0,0
420,2026-02-25,D00,type1,1
420,2026-02-25,D00,type2,6
420,2026-02-25,D00,type3,0
421,2026-02-26,D00,type0,1
421,2026-02-26,D00,type1,1
421,2026-02-26,D00,type2,1
421,2026-02-26,D00,type3,4
422,2026-02-27,D00,type0,3
422,2026-02-27,D00,type1,4
422,2026-02-27,D00,type2,6
422,2026-02-27,D00,type3,4
423,2026-02-28,D00,type0,3
423,2026-02-28,D00,type1,5
423,2026-02-28,D00,type2,2
423,2026-02-28,D00,type3,2
424,2026-03-01,D00,type0,1
424,2026-03-01,D00,type1,2
424,2026-03-01,D00,type2,7
424,2026-03-01,D00,type3,3
425,2026-03-02,D00,type0,4
425,2026-03-02,D00,type1,1
425,2026-03-02,D00,type2,1
425,2026-03-02,D00,type3,3
426,2026-03-03,D00,type0,1
426,2026-03-03,D00,type1,0
426,2026-03-03,D00,type2,3
426,2026-03-03,D00,type3,3
427,2026-03-04,D00,type0,2
427,2026-03-04,D00,type1,1
427,2026-03-04,D00,type2,4
427,2026-03-04,D00,type3,3
428,2026-03-05,D00,type0,0
428,2026-03-05,D00,type1,2
428,2026-03-05,D00,type2,3
428,2026-03-05,D00,type3,1
429,2026-03-06,D00,type0,0
429,2026-03-06,D00,type1,2
429,2026-03-06,D00,type2,4
429,2026-03-06,D00,type3,2
430,2026-03-07,D00,type0,0
430,2026-03-07,D00,type1,4
430,2026-03-07,D00,type2,5
430,2026-03-07,D00,type3,1
431,2026-03-08,D00,type0,3
431,2026-03-08,D00,type1,2
431,2026-03-08,D00,type2,6
431,2026-03-08,D00,type3,1
432,2026-03-09,D00,type0,1
432,2026-03-09,D00,type1,2
432,2026-03-09,D00,type2,6
432,2026-03-09,D00,type3,2
433,2026-03-10,D00,type0,1
433,2026-03-10,D00,type1,3
433,2026-03-10,D00,type2,2
433,2026-03-10,D00,type3,1
434,2026-03-11,D00,type0,2
434,2026-03-11,D00,type1,1
434,2026-03-11,D00,type2,3
434,2026-03-11,D00,type3,3
435,2026-03-12,D00,type0,1
435,2026-03-12,D00,type1,1
435,2026-03-12,D00,type2,4
435,2026-03-12,D00,type3,0
436,2026-03-13,D00,type0,0
436,2026-03-13,D00,type1,1
436,2026-03-13,D00,type2,3
436,2026-03-13,D00,type3,3
437,2026-03-14,D00,type0,1
437,2026-03-14,D00,type1,2
437,2026-03-14,D00,type2,1
437,2026-03-14,D00,type3,2
438,2026-03-15,D00,type0,0
438,2026-03-15,D00,type1,1
438,2026-03-15,D00,type2,2
438,2026-03-15,D00,type3,2
439,2026-03-16,D00,type0,0
439,2026-03-16,D00,type1,3
439,2026-03-16,D00,type2,2
439,2026-03-16,D00,type3,1
440,2026-03-17,D00,type0,1
440,2026-03-17,D00,type1,1
440,2026-03-17,D00,type2,5
440,2026-03-17,D00,type3,2
441,2026-03-18,D00,type0,1
441,2026-03-18,D00,type1,5
441,2026-03-18,D00,type2,1
441,2026-03-18,D00,type3,1
442,2026-03-19,D00,type0,1
442,2026-03-19,D00,type1,2
442,2026-03-19,D00,type2,2
442,2026-03-19,D00,type3,0
443,2026-03-20,D00,type0,0
443,2026-03-20,D00,type1,1
443,2026-03-20,D00,type2,5
443,2026-03-20,D00,type3,3
444,2026-03-21,D00,type0,1
444,2026-03-21,D00,type1,4
444,2026-03-21,D00,type2,7
444,2026-03-21,D00,type3,1
445,2026-03-22,D00,type0,1
445,2026-03-22,D00,type1,0
445,2026-03-22,D00,type2,5
445,2026-03-22,D00,type3,2
446,2026-03-23,D00,type0,2
446,2026-03-23,D00,type1,2
446,2026-03-23,D00,type2,4
446,2026-03-23,D00,type3,2
447,2026-03-24,D00,type0,1
447,2026-03-24,D00,type1,3
447,2026-03-24,D00,type2,3
447,2026-03-24,D00,type3,2
448,2026-03-25,D00,type0,2
448,2026-03-25,D00,type1,0
448,2026-03-25,D00,type2,7
448,2026-03-25,D00,type3,4
449,2026-03-26,D00,type0,1
449,2026-03-26,D00,type1,1
449,2026-03-26,D00,type2,3
449,2026-03-26,D00,type3,1
450,2026-03-27,D00,type0,2
450,2026-03-27,D00,type1,4
450,2026-03-27,D00,type2,3
450,2026-03-27,D00,type3,1
451,2026-03-28,D00,type0,2
451,2026-03-28,D00,type1,2
451,2026-03-28,D00,type2,3
451,2026-03-28,D00,type3,3
452,2026-03-29,D00,type0,2
452,2026-03-29,D00,type1,2
452,2026-03-29,D00,type2,7
452,2026-03-29,D00,type3,1
453,2026-03-30,D00,type0,1
453,2026-03-30,D00,type1,2
453,2026-03-30,D00,type2,6
453,2026-03-30,D00,type3,0
454,2026-03-31,D00,type0,1
454,2026-03-31,D00,type1,5
454,2026-03-31,D00,type2,5
454,2026-03-31,D00,type3,4
455,2026-04-01,D00,type0,0
455,2026-04-01,D00,type1,2
455,2026-04-01,D00,type2,3
455,2026-04-01,D00,type3,1
456,2026-04-02,D00,type0,2
456,2026-04-02,D00,type1,0
456,2026-04-02,D00,type2,7
456,2026-04-02,D00,type3,5
457,2026-04-03,D00,type0,1
457,2026-04-03,D00,type1,1
457,2026-04-03,D00,type2,6
457,2026-04-03,D00,type3,4
458,2026-04-04,D00,type0,0
458,2026-04-04,D00,type1,1
458,2026-04-04,D00,type2,4
458,2026-04-04,D00,type3,3
459,2026-04-05,D00,type0,2
459,2026-04-05,D00,type1,4
459,2026-04-05,D00,type2,2
459,2026-04-05,D00,type3,1
460,2026-04-06,D00,type0,3
460,2026-04-06,D00,type1,1
460,2026-04-06,D00,type2,4
460,2026-04-06,D00,type3,3
461,2026-04-07,D00,type0,2
461,2026-04-07,D00,type1,2
461,2026-04-07,D00,type2,4
461,2026-04-07,D00,type3,4
462,2026-04-08,D00,type0,4
462,2026-04-08,D00,type1,1
462,2026-04-08,D00,type2,8
462,2026-04-08,D00,type3,0
463,2026-04-09,D00,type0,2
463,2026-04-09,D00,type1,0
463,2026-04-09,D00,type2,3
463,2026-04-09,D00,type3,0
464,2026-04-10,D00,type0,3
464,2026-04-10,D00,type1,3
464,2026-04-10,D00,type2,3
464,2026-04-10,D00,type3,1
465,2026-04-11,D00,type0,0
465,2026-04-11,D00,type1,2
465,2026-04-11,D00,type2,4
465,2026-04-11,D00,type3,1
466,2026-04-12,D00,type0,3
466,2026-04-12,D00,type1,1
466,2026-04-12,D00,type2,5
466,2026-04-12,D00,type3,1
467,2026-04-13,D00,type0,0
467,2026-04-13,D00,type1,0
467,2026-04-13,D00,type2,8
467,2026-04-13,D00,type3,3
468,2026-04-14,D00,type0,0
468,2026-04-14,D00,type1,1
468,2026-04-14,D00,type2,3
468,2026-04-14,D00,type3,0
469,2026-04-15,D00,type0,1
469,2026-04-15,D00,type1,0
469,2026-04-15,D00,type2,4
469,2026-04-15,D00,type3,2
470,2026-04-16,D00,type0,0
470,2026-04-16,D00,type1,1
470,2026-04-16,D00,type2,1
470,2026-04-16,D00,type3,1
471,2026-04-17,D00,type0,3
471,2026-04-17,D00,type1,1
471,2026-04-17,D00,type2,3
471,2026-04-17,D00,type3,3
472,2026-04-18,D00,type0,0
472,2026-04-18,D00,type1,1
472,2026-04-18,D00,type2,5
472,2026-04-18,D00,type3,2
473,2026-04-19,D00,type0,5
473,2026-04-19,D00,type1,3
473,2026-04-19,D00,type2,4
473,2026-04-19,D00,type3,1
474,2026-04-20,D00,type0,2
474,2026-04-20,D00,type1,1
474,2026-04-20,D00,type2,4
474,2026-04-20,D00,type3,1
475,2026-04-21,D00,type0,0
475,2026-04-21,D00,type1,3
475,2026-04-21,D00,type2,2
475,2026-04-21,D00,type3,2
476,2026-04-22,D00,type0,1
476,2026-04-22,D00,type1,3
476,2026-04-22,D00,type2,3
476,2026-04-22,D00,type3,1
477,2026-04-23,D00,type0,1
477,2026-04-23,D00,type1,3
477,2026-04-23,D00,type2,3
477,2026-04-23,D00,type3,0
478,2026-04-24,D00,type0,2
478,2026-04-24,D00,type1,2
478,2026-04-24,D00,type2,2
478,2026-04-24,D00,type3,0
479,2026-04-25,D00,type0,0
479,2026-04-25,D00,type1,2
479,2026-04-25,D00,type2,5
479,2026-04-25,D00,type3,1
480,2026-04-26,D00,type0,1
480,2026-04-26,D00,type1,1
480,2026-04-26,D00,type2,8
480,2026-04-26,D00,type3,2
481,2026-04-27,D00,type0,1
481,2026-04-27,D00,type1,0
481,2026-04-27,D00,type2,5
481,2026-04-27,D00,type3,2
482,2026-04-28,D00,type0,2
482,2026-04-28,D00,type1,1
482,2026-04-28,D00,type2,9
482,2026-04-28,D00,type3,1
483,2026-04-29,D00,type0,2
483,2026-04-29,D00,type1,1
483,2026-04-29,D00,type2,5
483,2026-04-29,D00,type3,1
484,2026-04-30,D00,type0,1
484,2026-04-30,D00,type1,1
484,2026-04-30,D00,type2,0
484,2026-04-30,D00,type3,0
485,2026-05-01,D00,type0,0
485,2026-05-01,D00,type1,1
485,2026-05-01,D00,type2,3
485,2026-05-01,D00,type3,1
486,2026-05-02,D00,type0,2
486,2026-05-02,D00,type1,1
486,2026-05-02,D00,type2,2
486,2026-05-02,D00,type3,1
487,2026-05-03,D00,type0,0
487,2026-05-03,D00,type1,1
487,2026-05-03,D00,type2,5
487,2026-05-03,D00,type3,1
488,2026-05-04,D00,type0,3
488,2026-05-04,D00,type1,0
488,2026-05-04,D00,type2,7
488,2026-05-04,D00,type3,0
489,2026-05-05,D00,type0,0
489,2026-05-05,D00,type1,1
489,2026-05-05,D00,type2,3
489,2026-05-05,D00,type3,3
490,2026-05-06,D00,type0,1
490,2026-05-06,D00,type1,2
490,2026-05-06,D00,type2,5
490,2026-05-06,D00,type3,0
491,2026-05-07,D00,type0,2
491,2026-05-07,D00,type1,0
491,2026-05-07,D00,type2,6
491,2026-05-07,D00,type3,2
492,2026-05-08,D00,type0,2
492,2026-05-08,D00,type1,1
492,2026-05-08,D00,type2,6
492,2026-05-08,D00,type3,1
493,2026-05-09,D00,type0,0
493,2026-05-09,D00,type1,1
493,2026-05-09,D00,type2,3
493,2026-05-09,D00,type3,1
494,2026-05-10,D00,type0,1
494,2026-05-10,D00,type1,1
494,2026-05-10,D00,type2,6
494,2026-05-10,D00,type3,1
495,2026-05-11,D00,type0,1
495,2026-05-11,D00,type1,0
495,2026-05-11,D00,type2,5
495,2026-05-11,D00,type3,2
496,2026-05-12,D00,type0,1
496,2026-05-12,D00,type1,1
496,2026-05-12,D00,type2,4
496,2026-05-12,D00,type3,2
497,2026-05-13,D00,type0,2
497,2026-05-13,D00,type1,1
497,2026-05-13,D00,type2,5
497,2026-05-13,D00,type3,2
498,2026-05-14,D00,type0,0
498,2026-05-14,D00,type1,2
498,2026-05-14,D00,type2,1
498,2026-05-14,D00,type3,2
499,2026-05-15,D00,type0,0
499,2026-05-15,D00,type1,1
499,2026-05-15,D00,type2,3
499,2026-05-15,D00,type3,2
500,2026-05-16,D00,type0,2
500,2026-05-16,D00,type1,2
500,2026-05-16,D00,type2,3
500,2026-05-16,D00,type3,2
501,2026-05-17,D00,type0,2
501,2026-05-17,D00,type1,1
501,2026-05-17,D00,type2,3
501,2026-05-17,D00,type3,1
502,2026-05-18,D00,type0,0
502,2026-05-18,D00,type1,1
502,2026-05-18,D00,type2,3
502,2026-05-18,D00,type3,1
503,2026-05-19,D00,type0,2
503,2026-05-19,D00,type1,1
503,2026-05-19,D00,type2,7
503,2026-05-19,D00,type3,1
504,2026-05-20,D00,type0,1
504,2026-05-20,D00,type1,3
504,2026-05-20,D00,type2,1
504,2026-05-20,D00,type3,1
505,2026-05-21,D00,type0,0
505,2026-05-21,D00,type1,3
505,2026-05-21,D00,type2,3
505,2026-05-21,D00,type3,1
506,2026-05-22,D00,type0,1
506,2026-05-22,D00,type1,2
506,2026-05-22,D00,type2,8
506,2026-05-22,D00,type3,2
507,2026-05-23,D00,type0,1
507,2026-05-23,D00,type1,2
507,2026-05-23,D00,type2,2
507,2026-05-23,D00,type3,1
508,2026-05-24,D00,type0,2
508,2026-05-24,D00,type1,1
508,2026-05-24,D00,type2,4
508,2026-05-24,D00,type3,0
509,2026-05-25,D00,type0,0
509,2026-05-25,D00,type1,1
509,2026-05-25,D00,type2,5
509,2026-05-25,D00,type3,1
510,2026-05-26,D00,type0,2
510,2026-05-26,D00,type1,2
510,2026-05-26,D00,type2,4
510,2026-05-26,D00,type3,1
511,2026-05-27,D00,type0,1
511,2026-05-27,D00,type1,1
511,2026-05-27,D00,type2,3
511,2026-05-27,D00,type3,0
512,2026-05-28,D00,type0,2
512,2026-05-28,D00,type1,3
512,2026-05-28,D00,type2,4
512,2026-05-28,D00,type3,0
513,2026-05-29,D00,type0,3
513,2026-05-29,D00,type1,5
513,2026-05-29,D00,type2,7
513,2026-05-29,D00,type3,2
514,2026-05-30,D00,type0,3
514,2026-05-30,D00,type1,0
514,2026-05-30,D00,type2,3
514,2026-05-30,D00,type3,2
515,2026-05-31,D00,type0,1
515,2026-05-31,D00,type1,1
515,2026-05-31,D00,type2,7
515,2026-05-31,D00,type3,2
516,2026-06-01,D00,type0,0
516,2026-06-01,D00,type1,3
516,2026-06-01,D00,type2,6
516,2026-06-01,D00,type3,0
517,2026-06-02,D00,type0,1
517,2026-06-02,D00,type1,4
517,2026-06-02,D00,type2,1
517,2026-06-02,D00,type3,2
518,2026-06-03,D00,type0,0
518,2026-06-03,D00,type1,4
518,2026-06-03,D00,type2,3
518,2026-06-03,D00,type3,1
519,2026-06-04,D00,type0,1
519,2026-06-04,D00,type1,1
519,2026-06-04,D00,type2,3
519,2026-06-04,D00,type3,4
520,2026-06-05,D00,type0,3
520,2026-06-05,D00,type1,1
520,2026-06-05,D00,type2,3
520,2026-06-05,D00,type3,2
521,2026-06-06,D00,type0,0
521,2026-06-06,D00,type1,3
521,2026-06-06,D00,type2,4
521,2026-06-06,D00,type3,0
522,2026-06-07,D00,type0,1
522,2026-06-07,D00,type1,2
522,2026-06-07,D00,type2,4
522,2026-06-07,D00,type3,3
523,2026-06-08,D00,type0,2
523,2026-06-08,D00,type1,3
523,2026-06-08,D00,type2,5
523,2026-06-08,D00,type3,2
524,2026-06-09,D00,type0,2
524,2026-06-09,D00,type1,3
524,2026-06-09,D00,type2,4
524,2026-06-09,D00,type3,0
525,2026-06-10,D00,type0,2
525,2026-06-10,D00,type1,1
525,2026-06-10,D00,type2,3
525,2026-06-10,D00,type3,2
526,2026-06-11,D00,type0,6
526,2026-06-11,D00,type1,2
526,2026-06-11,D00,type2,1
526,2026-06-11,D00,type3,1
527,2026-06-12,D00,type0,4
527,2026-06-12,D00,type1,3
527,2026-06-12,D00,type2,3
527,2026-06-12,D00,type3,1
528,2026-06-13,D00,type0,0
528,2026-06-13,D00,type1,2
528,2026-06-13,D00,type2,4
528,2026-06-13,D00,type3,1
529,2026-06-14,D00,type0,1
529,2026-06-14,D00,type1,1
529,2026-06-14,D00,type2,5
529,2026-06-14,D00,type3,1
530,2026-06-15,D00,type0,0
530,2026-06-15,D00,type1,1
530,2026-06-15,D00,type2,8
530,2026-06-15,D00,type3,0
531,2026-06-16,D00,type0,0
531,2026-06-16,D00,type1,3
531,2026-06-16,D00,type2,2
531,2026-06-16,D00,type3,1
532,2026-06-17,D00,type0,1
532,2026-06-17,D00,type1,3
532,2026-06-17,D00,type2,3
532,2026-06-17,D00,type3,2
533,2026-06-18,D00,type0,0
533,2026-06-18,D00,type1,2
533,2026-06-18,D00,type2,8
533,2026-06-18,D00,type3,0
534,2026-06-19,D00,type0,2
534,2026-06-19,D00,type1,0
534,2026-06-19,D00,type2,4
534,2026-06-19,D00,type3,1
535,2026-06-20,D00,type0,1
535,2026-06-20,D00,type1,5
535,2026-06-20,D00,type2,7
535,2026-06-20,D00,type3,0
536,2026-06-21,D00,type0,1
536,2026-06-21,D00,type1,1
536,2026-06-21,D00,type2,3
536,2026-06-21,D00,type3,1
537,2026-06-22,D00,type0,0
537,2026-06-22,D00,type1,4
537,2026-06-22,D00,type2,6
537,2026-06-22,D00,type3,0
538,2026-06-23,D00,type0,1
538,2026-06-23,D00,type1,5
538,2026-06-23,D00,type2,5
538,2026-06-23,D00,type3,4
539,2026-06-24,D00,type0,3
539,2026-06-24,D00,type1,1
539,2026-06-24,D00,type2,7
539,2026-06-24,D00,type3,0
540,2026-06-25,D00,type0,2
540,2026-06-25,D00,type1,3
540,2026-06-25,D00,type2,12
540,2026-06-25,D00,type3,4
541,2026-06-26,D00,type0,2
541,2026-06-26,D00,type1,2
541,2026-06-26,D00,type2,6
541,2026-06-26,D00,type3,1
542,2026-06-27,D00,type0,3
542,2026-06-27,D00,type1,3
542,2026-06-27,D00,type2,4
542,2026-06-27,D00,type3,0
543,2026-06-28,D00,type0,3
543,2026-06-28,D00,type1,3
543,2026-06-28,D00,type2,3
543,2026-06-28,D00,type3,0
544,2026-06-29,D00,type0,2
544,2026-06-29,D00,type1,3
544,2026-06-29,D00,type2,10
544,2026-06-29,D00,type3,0
545,2026-06-30,D00,type0,3
545,2026-06-30,D00,type1,5
545,2026-06-30,D00,type2,2
545,2026-06-30,D00,type3,1
546,2026-07-01,D00,type0,0
546,2026-07-01,D00,type1,1
546,2026-07-01,D00,type2,8
546,2026-07-01,D00,type3,0
547,2026-07-02,D00,type0,0
547,2026-07-02,D00,type1,3
547,2026-07-02,D00,type2,8
547,2026-07-02,D00,type3,0
548,2026-07-03,D00,type0,0
548,2026-07-03,D00,type1,4
548,2026-07-03,D00,type2,10
548,2026-07-03,D00,type3,0
549,2026-07-04,D00,type0,0
549,2026-07-04,D00,type1,4
549,2026-07-04,D00,type2,10
549,2026-07-04,D00,type3,1
550,2026-07-05,D00,type0,1
550,2026-07-05,D00,type1,2
550,2026-07-05,D00,type2,7
550,2026-07-05,D00,type3,0
551,2026-07-06,D00,type0,0
551,2026-07-06,D00,type1,3
551,2026-07-06,D00,type2,4
551,2026-07-06,D00,type3,0
552,2026-07-07,D00,type0,1
552,2026-07-07,D00,type1,4
552,2026-07-07,D00,type2,4
552,2026-07-07,D00,type3,0
553,2026-07-08,D00,type0,1
553,2026-07-08,D00,type1,3
553,2026-07-08,D00,type2,5
553,2026-07-08,D00,type3,0
554,2026-07-09,D00,type0,0
554,2026-07-09,D00,type1,2
554,2026-07-09,D00,type2,4
554,2026-07-09,D00,type3,2
555,2026-07-10,D00,type0,2
555,2026-07-10,D00,type1,5
555,2026-07-10,D00,type2,9
555,2026-07-10,D00,type3,0
556,2026-07-11,D00,type0,0
556,2026-07-11,D00,type1,5
556,2026-07-11,D00,type2,14
556,2026-07-11,D00,type3,1
557,2026-07-12,D00,type0,2
557,2026-07-12,D00,type1,4
557,2026-07-12,D00,type2,6
557,2026-07-12,D00,type3,1
558,2026-07-13,D00,type0,0
558,2026-07-13,D00,type1,3
558,2026-07-13,D00,type2,12
558,2026-07-13,D00,type3,1
559,2026-07-14,D00,type0,0
559,2026-07-14,D00,type1,3
559,2026-07-14,D00,type2,11
559,2026-07-14,D00,type3,0
560,2026-07-15,D00,type0,4
560,2026-07-15,D00,type1,6
560,2026-07-15,D00,type2,6
560,2026-07-15,D00,type3,1
561,2026-07-16,D00,type0,1
561,2026-07-16,D00,type1,3
561,2026-07-16,D00,type2,8
561,2026-07-16,D00,type3,2
562,2026-07-17,D00,type0,0
562,2026-07-17,D00,type1,1
562,2026-07-17,D00,type2,11
562,2026-07-17,D00,type3,2
563,2026-07-18,D00,type0,1
563,2026-07-18,D00,type1,3
563,2026-07-18,D00,type2,9
563,2026-07-18,D00,type3,0
564,2026-07-19,D00,type0,3
564,2026-07-19,D00,type1,6
564,2026-07-19,D00,type2,6
564,2026-07-19,D00,type3,0
565,2026-07-20,D00,type0,1
565,2026-07-20,D00,type1,2
565,2026-07-20,D00,type2,6
565,2026-07-20,D00,type3,1
566,2026-07-21,D00,type0,1
566,2026-07-21,D00,type1,3
566,2026-07-21,D00,type2,9
566,2026-07-21,D00,type3,3
567,2026-07-22,D00,type0,0
567,2026-07-22,D00,type1,2
567,2026-07-22,D00,type2,3
567,2026-07-22,D00,type3,2
568,2026-07-23,D00,type0,3
568,2026-07-23,D00,type1,3
568,2026-07-23,D00,type2,7
568,2026-07-23,D00,type3,1
569,2026-07-24,D00,type0,0
569,2026-07-24,D00,type1,4
569,2026-07-24,D00,type2,6
569,2026-07-24,D00,type3,3
570,2026-07-25,D00,type0,1
570,2026-07-25,D00,type1,5
570,2026-07-25,D00,type2,8
570,2026-07-25,D00,type3,0
571,2026-07-26,D00,type0,2
571,2026-07-26,D00,type1,1
571,2026-07-26,D00,type2,11
571,2026-07-26,D00,type3,4
572,2026-07-27,D00,type0,0
572,2026-07-27,D00,type1,5
572,2026-07-27,D00,type2,11
572,2026-07-27,D00,type3,0
573,2026-07-28,D00,type0,2
573,2026-07-28,D00,type1,3
573,2026-07-28,D00,type2,7
573,2026-07-28,D00,type3,1
574,2026-07-29,D00,type0,2
574,2026-07-29,D00,type1,5
574,2026-07-29,D00,type2,6
574,2026-07-29,D00,type3,3
575,2026-07-30,D00,type0,4
575,2026-07-30,D00,type1,2
575,2026-07-30,D00,type2,10
575,2026-07-30,D00,type3,0
576,2026-07-31,D00,type0,0
576,2026-07-31,D00,type1,5
576,2026-07-31,D00,type2,8
576,2026-07-31,D00,type3,2
577,2026-08-01,D00,type0,2
577,2026-08-01,D00,type1,3
577,2026-08-01,D00,type2,7
577,2026-08-01,D00,type3,2
578,2026-08-02,D00,type0,1
578,2026-08-02,D00,type1,2
578,2026-08-02,D00,type2,10
578,2026-08-02,D00,type3,3
579,2026-08-03,D00,type0,1
579,2026-08-03,D00,type1,2
579,2026-08-03,D00,type2,13
579,2026-08-03,D00,type3,3
580,2026-08-04,D00,type0,2
580,2026-08-04,D00,type1,3
580,2026-08-04,D00,type2,7
580,2026-08-04,D00,type3,0
581,2026-08-05,D00,type0,1
581,2026-08-05,D00,type1,5
581,2026-08-05,D00,type2,5
581,2026-08-05,D00,type3,0
582,2026-08-06,D00,type0,1
582,2026-08-06,D00,type1,2
582,2026-08-06,D00,type2,6
582,2026-08-06,D00,type3,1
583,2026-08-07,D00,type0,1
583,2026-08-07,D00,type1,1
583,2026-08-07,D00,type2,8
583,2026-08-07,D00,type3,0
584,2026-08-08,D00,type0,3
584,2026-08-08,D00,type1,2
584,2026-08-08,D00,type2,10
584,2026-08-08,D00,type3,2
585,2026-08-09,D00,type0,1
585,2026-08-09,D00,type1,2
585,2026-08-09,D00,type2,10
585,2026-08-09,D00,type3,1
586,2026-08-10,D00,type0,3
586,2026-08-10,D00,type1,2
586,2026-08-10,D00,type2,9
586,2026-08-10,D00,type3,1
587,2026-08-11,D00,type0,0
587,2026-08-11,D00,type1,3
587,2026-08-11,D00,type2,11
587,2026-08-11,D00,type3,1
588,2026-08-12,D00,type0,1
588,2026-08-12,D00,type1,5
588,2026-08-12,D00,type2,6
588,2026-08-12,D00,type3,1
589,2026-08-13,D00,type0,3
589,2026-08-13,D00,type1,4
589,2026-08-13,D00,type2,6
589,2026-08-13,D00,type3,1
590,2026-08-14,D00,type0,0
590,2026-08-14,D00,type1,1
590,2026-08-14,D00,type2,11
590,2026-08-14,D00,type3,1
591,2026-08-15,D00,type0,2
591,2026-08-15,D00,type1,0
591,2026-08-15,D00,type2,10
591,2026-08-15,D00,type3,1
592,2026-08-16,D00,type0,4
592,2026-08-16,D00,type1,4
592,2026-08-16,D00,type2,12
592,2026-08-16,D00,type3,3
593,2026-08-17,D00,type0,0
593,2026-08-17,D00,type1,1
593,2026-08-17,D00,type2,11
593,2026-08-17,D00,type3,0
594,2026-08-18,D00,type0,1
594,2026-08-18,D00,type1,5
594,2026-08-18,D00,type2,5
594,2026-08-18,D00,type3,0
595,2026-08-19,D00,type0,1
595,2026-08-19,D00,type1,1
595,2026-08-19,D00,type2,6
595,2026-08-19,D00,type3,1
596,2026-08-20,D00,type0,1
596,2026-08-20,D00,type1,1
596,2026-08-20,D00,type2,4
596,2026-08-20,D00,type3,0
597,2026-08-21,D00,type0,0
597,2026-08-21,D00,type1,3
597,2026-08-21,D00,type2,9
597,2026-08-21,D00,type3,1
598,2026-08-22,D00,type0,0
598,2026-08-22,D00,type1,3
598,2026-08-22,D00,type2,6
598,2026-08-22,D00,type3,1
599,2026-08-23,D00,type0,0
599,2026-08-23,D00,type1,1
599,2026-08-23,D00,type2,11
599,2026-08-23,D00,type3,0
600,2026-08-24,D00,type0,2
600,2026-08-24,D00,type1,1
600,2026-08-24,D00,type2,9
600,2026-08-24,D00,type3,4
601,2026-08-25,D00,type0,3
601,2026-08-25,D00,type1,0
601,2026-08-25,D00,type2,6
601,2026-08-25,D00,type3,2
602,2026-08-26,D00,type0,2
602,2026-08-26,D00,type1,1
602,2026-08-26,D00,type2,5
602,2026-08-26,D00,type3,3
603,2026-08-27,D00,type0,2
603,2026-08-27,D00,type1,4
603,2026-08-27,D00,type2,11
603,2026-08-27,D00,type3,1
604,2026-08-28,D00,type0,1
604,2026-08-28,D00,type1,3
604,2026-08-28,D00,type2,6
604,2026-08-28,D00,type3,1
605,2026-08-29,D00,type0,2
605,2026-08-29,D00,type1,1
605,2026-08-29,D00,type2,7
605,2026-08-29,D00,type3,2
606,2026-08-30,D00,type0,1
606,2026-08-30,D00,type1,2
606,2026-08-30,D00,type2,4
606,2026-08-30,D00,type3,3
607,2026-08-31,D00,type0,2
607,2026-08-31,D00,type1,1
607,2026-08-31,D00,type2,4
607,2026-08-31,D00,type3,1
608,2026-09-01,D00,type0,2
608,2026-09-01,D00,type1,3
608,2026-09-01,D00,type2,4
608,2026-09-01,D00,type3,5
609,2026-09-02,D00,type0,1
609,2026-09-02,D00,type1,1
609,2026-09-02,D00,type2,5
609,2026-09-02,D00,type3,1
610,2026-09-03,D00,type0,0
610,2026-09-03,D00,type1,1
610,2026-09-03,D00,type2,6
610,2026-09-03,D00,type3,0
611,2026-09-04,D00,type0,0
611,2026-09-04,D00,type1,1
611,2026-09-04,D00,type2,10
611,2026-09-04,D00,type3,2
612,2026-09-05,D00,type0,0
612,2026-09-05,D00,type1,1
612,2026-09-05,D00,type2,8
612,2026-09-05,D00,type3,4
613,2026-09-06,D00,type0,0
613,2026-09-06,D00,type1,0
613,2026-09-06,D00,type2,5
613,2026-09-06,D00,type3,1
614,2026-09-07,D00,type0,2
614,2026-09-07,D00,type1,1
614,2026-09-07,D00,type2,9
614,2026-09-07,D00,type3,3
615,2026-09-08,D00,type0,2
615,2026-09-08,D00,type1,0
615,2026-09-08,D00,type2,8
615,2026-09-08,D00,type3,0
616,2026-09-09,D00,type0,2
616,2026-09-09,D00,type1,1
616,2026-09-09,D00,type2,2
616,2026-09-09,D00,type3,1
617,2026-09-10,D00,type0,1
617,2026-09-10,D00,type1,1
617,2026-09-10,D00,type2,2
617,2026-09-10,D00,type3,2
618,2026-09-11,D00,type0,2
618,2026-09-11,D00,type1,2
618,2026-09-11,D00,type2,4
618,2026-09-11,D00,type3,2
619,2026-09-12,D00,type0,1
619,2026-09-12,D00,type1,1
619,2026-09-12,D00,type2,7
619,2026-09-12,D00,type3,0
620,2026-09-13,D00,type0,1
620,2026-09-13,D00,type1,0
620,2026-09-13,D00,type2,4
620,2026-09-13,D00,type3,0
621,2026-09-14,D00,type0,0
621,2026-09-14,D00,type1,1
621,2026-09-14,D00,type2,1
621,2026-09-14,D00,type3,2
622,2026-09-15,D00,type0,3
622,2026-09-15,D00,type1,2
622,2026-09-15,D00,type2,5
622,2026-09-15,D00,type3,1
623,2026-09-16,D00,type0,1
623,2026-09-16,D00,type1,1
623,2026-09-16,D00,type2,4
623,2026-09-16,D00,type3,0
624,2026-09-17,D00,type0,1
624,2026-09-17,D00,type1,0
624,2026-09-17,D00,type2,3
624,2026-09-17,D00,type3,1
625,2026-09-18,D00,type0,3
625,2026-09-18,D00,type1,2
625,2026-09-18,D00,type2,6
625,2026-09-18,D00,type3,3
626,2026-09-19,D00,type0,0
626,2026-09-19,D00,type1,1
626,2026-09-19,D00,type2,5
626,2026-09-19,D00,type3,1
627,2026-09-20,D00,type0,0
627,2026-09-20,D00,type1,2
627,2026-09-20,D00,type2,5
627,2026-09-20,D00,type3,1
628,2026-09-21,D00,type0,0
628,2026-09-21,D00,type1,1
628,2026-09-21,D00,type2,5
628,2026-09-21,D00,type3,1
629,2026-09-22,D00,type0,2
629,2026-09-22,D00,type1,2
629,2026-09-22,D00,type2,2
629,2026-09-22,D00,type3,1
630,2026-09-23,D00,type0,1
630,2026-09-23,D00,type1,2
630,2026-09-23,D00,type2,7
630,2026-09-23,D00,type3,0
631,2026-09-24,D00,type0,1
631,2026-09-24,D00,type1,0
631,2026-09-24,D00,type2,4
631,2026-09-24,D00,type3,1
632,2026-09-25,D00,type0,2
632,2026-09-25,D00,type1,0
632,2026-09-25,D00,type2,4
632,2026-09-25,D00,type3,2
633,2026-09-26,D00,type0,1
633,2026-09-26,D00,type1,1
633,2026-09-26,D00,type2,9
633,2026-09-26,D00,type3,1
634,2026-09-27,D00,type0,1
634,2026-09-27,D00,type1,1
634,2026-09-27,D00,type2,6
634,2026-09-27,D00,type3,0
635,2026-09-28,D00,type0,0
635,2026-09-28,D00,type1,3
635,2026-09-28,D00,type2,2
635,2026-09-28,D00,type3,1
636,2026-09-29,D00,type0,3
636,2026-09-29,D00,type1,5
636,2026-09-29,D00,type2,2
636,2026-09-29,D00,type3,1
637,2026-09-30,D00,type0,2
637,2026-09-30,D00,type1,3
637,2026-09-30,D00,type2,4
637,2026-09-30,D00,type3,1
638,2026-10-01,D00,type0,1
638,2026-10-01,D00,type1,3
638,2026-10-01,D00,type2,4
638,2026-10-01,D00,type3,1
639,2026-10-02,D00,type0,1
639,2026-10-02,D00,type1,1
639,2026-10-02,D00,type2,5
639,2026-10-02,D00,type3,1
640,2026-10-03,D00,type0,1
640,2026-10-03,D00,type1,1
640,2026-10-03,D00,type2,5
640,2026-10-03,D00,type3,0
641,2026-10-04,D00,type0,1
641,2026-10-04,D00,type1,2
641,2026-10-04,D00,type2,3
641,2026-10-04,D00,type3,1
642,2026-10-05,D00,type0,0
642,2026-10-05,D00,type1,1
642,2026-10-05,D00,type2,6
642,2026-10-05,D00,type3,1
643,2026-10-06,D00,type0,2
643,2026-10-06,D00,type1,2
643,2026-10-06,D00,type2,5
643,2026-10-06,D00,type3,0
644,2026-10-07,D00,type0,1
644,2026-10-07,D00,type1,1
644,2026-10-07,D00,type2,3
644,2026-10-07,D00,type3,2
645,2026-10-08,D00,type0,1
645,2026-10-08,D00,type1,2
645,2026-10-08,D00,type2,2
645,2026-10-08,D00,type3,2
646,2026-10-09,D00,type0,0
646,2026-10-09,D00,type1,1
646,2026-10-09,D00,type2,2
646,2026-10-09,D00,type3,4
647,2026-10-10,D00,type0,1
647,2026-10-10,D00,type1,1
647,2026-10-10,D00,type2,1
647,2026-10-10,D00,type3,1
648,2026-10-11,D00,type0,3
648,2026-10-11,D00,type1,1
648,2026-10-11,D00,type2,5
648,2026-10-11,D00,type3,0
649,2026-10-12,D00,type0,1
649,2026-10-12,D00,type1,0
649,2026-10-12,D00,type2,2
649,2026-10-12,D00,type3,1
650,2026-10-13,D00,type0,1
650,2026-10-13,D00,type1,1
650,2026-10-13,D00,type2,6
650,2026-10-13,D00,type3,1
651,2026-10-14,D00,type0,0
651,2026-10-14,D00,type1,1
651,2026-10-14,D00,type2,9
651,2026-10-14,D00,type3,3
652,2026-10-15,D00,type0,1
652,2026-10-15,D00,type1,1
652,2026-10-15,D00,type2,3
652,2026-10-15,D00,type3,1
653,2026-10-16,D00,type0,3
653,2026-10-16,D00,type1,3
653,2026-10-16,D00,type2,1
653,2026-10-16,D00,type3,0
654,2026-10-17,D00,type0,5
654,2026-10-17,D00,type1,2
654,2026-10-17,D00,type2,7
654,2026-10-17,D00,type3,1
655,2026-10-18,D00,type0,0
655,2026-10-18,D00,type1,0
655,2026-10-18,D00,type2,4
655,2026-10-18,D00,type3,3
656,2026-10-19,D00,type0,1
656,2026-10-19,D00,type1,1
656,2026-10-19,D00,type2,2
656,2026-10-19,D00,type3,4
657,2026-10-20,D00,type0,0
657,2026-10-20,D00,type1,1
657,2026-10-20,D00,type2,4
657,2026-10-20,D00,type3,3
658,2026-10-21,D00,type0,1
658,2026-10-21,D00,type1,1
658,2026-10-21,D00,type2,6
658,2026-10-21,D00,type3,2
659,2026-10-22,D00,type0,0
659,2026-10-22,D00,type1,1
659,2026-10-22,D00,type2,3
659,2026-10-22,D00,type3,1
660,2026-10-23,D00,type0,1
660,2026-10-23,D00,type1,5
660,2026-10-23,D00,type2,6
660,2026-10-23,D00,type3,3
661,2026-10-24,D00,type0,2
661,2026-10-24,D00,type1,2
661,2026-10-24,D00,type2,4
661,2026-10-24,D00,type3,2
662,2026-10-25,D00,type0,1
662,2026-10-25,D00,type1,2
662,2026-10-25,D00,type2,2
662,2026-10-25,D00,type3,0
663,2026-10-26,D00,type0,1
663,2026-10-26,D00,type1,3
663,2026-10-26,D00,type2,5
663,2026-10-26,D00,type3,3
664,2026-10-27,D00,type0,2
664,2026-10-27,D00,type1,4
664,2026-10-27,D00,type2,4
664,2026-10-27,D00,type3,2
665,2026-10-28,D00,type0,2
665,2026-10-28,D00,type1,3
665,2026-10-28,D00,type2,6
665,2026-10-28,D00,type3,2
666,2026-10-29,D00,type0,0
666,2026-10-29,D00,type1,0
666,2026-10-29,D00,type2,6
666,2026-10-29,D00,type3,1
667,2026-10-30,D00,type0,2
667,2026-10-30,D00,type1,1
667,2026-10-30,D00,type2,4
667,2026-10-30,D00,type3,0
668,2026-10-31,D00,type0,0
668,2026-10-31,D00,type1,5
668,2026-10-31,D00,type2,7
668,2026-10-31,D00,type3,1
669,2026-11-01,D00,type0,2
669,2026-11-01,D00,type1,3
669,2026-11-01,D00,type2,7
669,2026-11-01,D00,type3,1
670,2026-11-02,D00,type0,2
670,2026-11-02,D00,type1,1
670,2026-11-02,D00,type2,3
670,2026-11-02,D00,type3,3
671,2026-11-03,D00,type0,0
671,2026-11-03,D00,type1,3
671,2026-11-03,D00,type2,3
671,2026-11-03,D00,type3,0
672,2026-11-04,D00,type0,1
672,2026-11-04,D00,type1,1
672,2026-11-04,D00,type2,3
672,2026-11-04,D00,type3,1
673,2026-11-05,D00,type0,0
673,2026-11-05,D00,type1,2
673,2026-11-05,D00,type2,6
673,2026-11-05,D00,type3,3
674,2026-11-06,D00,type0,1
674,2026-11-06,D00,type1,3
674,2026-11-06,D00,type2,5
674,2026-11-06,D00,type3,1
675,2026-11-07,D00,type0,0
675,2026-11-07,D00,type1,2
675,2026-11-07,D00,type2,2
675,2026-11-07,D00,type3,1
676,2026-11-08,D00,type0,4
676,2026-11-08,D00,type1,4
676,2026-11-08,D00,type2,3
676,2026-11-08,D00,type3,1
677,2026-11-09,D00,type0,1
677,2026-11-09,D00,type1,1
677,2026-11-09,D00,type2,4
677,2026-11-09,D00,type3,3
678,2026-11-10,D00,type0,2
678,2026-11-10,D00,type1,3
678,2026-11-10,D00,type2,6
678,2026-11-10,D00,type3,2
679,2026-11-11,D00,type0,2
679,2026-11-11,D00,type1,3
679,2026-11-11,D00,type2,5
679,2026-11-11,D00,type3,4
680,2026-11-12,D00,type0,2
680,2026-11-12,D00,type1,2
680,2026-11-12,D00,type2,5
680,2026-11-12,D00,type3,2
681,2026-11-13,D00,type0,1
681,2026-11-13,D00,type1,4
681,2026-11-13,D00,type2,1
681,2026-11-13,D00,type3,1
682,2026-11-14,D00,type0,1
682,2026-11-14,D00,type1,5
682,2026-11-14,D00,type2,2
682,2026-11-14,D00,type3,2
683,2026-11-15,D00,type0,2
683,2026-11-15,D00,type1,6
683,2026-11-15,D00,type2,11
683,2026-11-15,D00,type3,3
684,2026-11-16,D00,type0,1
684,2026-11-16,D00,type1,4
684,2026-11-16,D00,type2,1
684,2026-11-16,D00,type3,2
685,2026-11-17,D00,type0,2
685,2026-11-17,D00,type1,4
685,2026-11-17,D00,type2,1
685,2026-11-17,D00,type3,1
686,2026-11-18,D00,type0,1
686,2026-11-18,D00,type1,3
686,2026-11-18,D00,type2,3
686,2026-11-18,D00,type3,2
687,2026-11-19,D00,type0,2
687,2026-11-19,D00,type1,6
687,2026-11-19,D00,type2,5
687,2026-11-19,D00,type3,3
688,2026-11-20,D00,type0,2
688,2026-11-20,D00,type1,4
688,2026-11-20,D00,type2,2
688,2026-11-20,D00,type3,0
689,2026-11-21,D00,type0,0
689,2026-11-21,D00,type1,4
689,2026-11-21,D00,type2,4
689,2026-11-21,D00,type3,1
690,2026-11-22,D00,type0,4
690,2026-11-22,D00,type1,0
690,2026-11-22,D00,type2,5
690,2026-11-22,D00,type3,3
691,2026-11-23,D00,type0,1
691,2026-11-23,D00,type1,5
691,2026-11-23,D00,type2,6
691,2026-11-23,D00,type3,1
692,2026-11-24,D00,type0,3
692,2026-11-24,D00,type1,2
692,2026-11-24,D00,type2,3
692,2026-11-24,D00,type3,2
693,2026-11-25,D00,type0,4
693,2026-11-25,D00,type1,4
693,2026-11-25,D00,type2,4
693,2026-11-25,D00,type3,2
694,2026-11-26,D00,type0,3
694,2026-11-26,D00,type1,4
694,2026-11-26,D00,type2,6
694,2026-11-26,D00,type3,3
695,2026-11-27,D00,type0,5
695,2026-11-27,D00,type1,7
695,2026-11-27,D00,type2,2
695,2026-11-27,D00,type3,2
696,2026-11-28,D00,type0,1
696,2026-11-28,D00,type1,3
696,2026-11-28,D00,type2,5
696,2026-11-28,D00,type3,3
697,2026-11-29,D00,type0,0
697,2026-11-29,D00,type1,10
697,2026-11-29,D00,type2,4
697,2026-11-29,D00,type3,1
698,2026-11-30,D00,type0,1
698,2026-11-30,D00,type1,1
698,2026-11-30,D00,type2,1
698,2026-11-30,D00,type3,4
699,2026-12-01,D00,type0,1
699,2026-12-01,D00,type1,1
699,2026-12-01,D00,type2,3
699,2026-12-01,D00,type3,4
700,2026-12-02,D00,type0,1
700,2026-12-02,D00,type1,2
700,2026-12-02,D00,type2,5
700,2026-12-02,D00,type3,3
701,2026-12-03,D00,type0,3
701,2026-12-03,D00,type1,2
701,2026-12-03,D00,type2,4
701,2026-12-03,D00,type3,3
702,2026-12-04,D00,type0,1
702,2026-12-04,D00,type1,1
702,2026-12-04,D00,type2,4
702,2026-12-04,D00,type3,2
703,2026-12-05,D00,type0,1
703,2026-12-05,D00,type1,5
703,2026-12-05,D00,type2,6
703,2026-12-05,D00,type3,5
704,2026-12-06,D00,type0,3
704,2026-12-06,D00,type1,0
704,2026-12-06,D00,type2,2
704,2026-12-06,D00,type3,7
705,2026-12-07,D00,type0,0
705,2026-12-07,D00,type1,8
705,2026-12-07,D00,type2,2
705,2026-12-07,D00,type3,2
706,2026-12-08,D00,type0,3
706,2026-12-08,D00,type1,2
706,2026-12-08,D00,type2,2
706,2026-12-08,D00,type3,2
707,2026-12-09,D00,type0,0
707,2026-12-09,D00,type1,3
707,2026-12-09,D00,type2,2
707,2026-12-09,D00,type3,2
708,2026-12-10,D00,type0,0
708,2026-12-10,D00,type1,1
708,2026-12-10,D00,type2,3
708,2026-12-10,D00,type3,3
709,2026-12-11,D00,type0,1
709,2026-12-11,D00,type1,3
709,2026-12-11,D00,type2,1
709,2026-12-11,D00,type3,8
710,2026-12-12,D00,type0,1
710,2026-12-12,D00,type1,1
710,2026-12-12,D00,type2,2
710,2026-12-12,D00,type3,7
711,2026-12-13,D00,type0,3
711,2026-12-13,D00,type1,4
711,2026-12-13,D00,type2,2
711,2026-12-13,D00,type3,4
712,2026-12-14,D00,type0,1
712,2026-12-14,D00,type1,7
712,2026-12-14,D00,type2,4
712,2026-12-14,D00,type3,6
713,2026-12-15,D00,type0,3
713,2026-12-15,D00,type1,6
713,2026-12-15,D00,type2,4
713,2026-12-15,D00,type3,4
714,2026-12-16,D00,type0,0
714,2026-12-16,D00,type1,1
714,2026-12-16,D00,type2,5
714,2026-12-16,D00,type3,2
715,2026-12-17,D00,type0,2
715,2026-12-17,D00,type1,3
715,2026-12-17,D00,type2,3
715,2026-12-17,D00,type3,3
716,2026-12-18,D00,type0,3
716,2026-12-18,D00,type1,5
716,2026-12-18,D00,type2,4
716,2026-12-18,D00,type3,5
717,2026-12-19,D00,type0,1
717,2026-12-19,D00,type1,4
717,2026-12-19,D00,type2,5
717,2026-12-19,D00,type3,3
718,2026-12-20,D00,type0,2
718,2026-12-20,D00,type1,2
718,2026-12-20,D00,type2,4
718,2026-12-20,D00,type3,3
719,2026-12-21,D00,type0,1
719,2026-12-21,D00,type1,6
719,2026-12-21,D00,type2,6
719,2026-12-21,D00,type3,6
720,2026-12-22,D00,type0,0
720,2026-12-22,D00,type1,6
720,2026-12-22,D00,type2,2
720,2026-12-22,D00,type3,9
721,2026-12-23,D00,type0,0
721,2026-12-23,D00,type1,2
721,2026-12-23,D00,type2,8
721,2026-12-23,D00,type3,2
722,2026-12-24,D00,type0,0
722,2026-12-24,D00,type1,8
722,2026-12-24,D00,type2,1
722,2026-12-24,D00,type3,1
723,2026-12-25,D00,type0,1
723,2026-12-25,D00,type1,3
723,2026-12-25,D00,type2,1
723,2026-12-25,D00,type3,1
724,2026-12-26,D00,type0,2
724,2026-12-26,D00,type1,3
724,2026-12-26,D00,type2,9
724,2026-12-26,D00,type3,8
725,2026-12-27,D00,type0,0
725,2026-12-27,D00,type1,4
725,2026-12-27,D00,type2,3
725,2026-12-27,D00,type3,3
726,2026-12-28,D00,type0,3
726,2026-12-28,D00,type1,2
726,2026-12-28,D00,type2,7
726,2026-12-28,D00,type3,5
727,2026-12-29,D00,type0,1
727,2026-12-29,D00,type1,4
727,2026-12-29,D00,type2,4
727,2026-12-29,D00,type3,4
728,2026-12-30,D00,type0,0
728,2026-12-30,D00,type1,4
728,2026-12-30,D00,type2,3
728,2026-12-30,D00,type3,5
729,2026-12-31,D00,type0,0
729,2026-12-31,D00,type1,5
729,2026-12-31,D00,type2,2
729,2026-12-31,D00,type3,1
730,2027-01-01,D00,type0,1
730,2027-01-01,D00,type1,7
730,2027-01-01,D00,type2,4
730,2027-01-01,D00,type3,2
731,2027-01-02,D00,type0,2
731,2027-01-02,D00,type1,0
731,2027-01-02,D00,type2,4
731,2027-01-02,D00,type3,0
732,2027-01-03,D00,type0,1
732,2027-01-03,D00,type1,4
732,2027-01-03,D00,type2,5
732,2027-01-03,D00,type3,4
733,2027-01-04,D00,type0,2
733,2027-01-04,D00,type1,6
733,2027-01-04,D00,type2,4
733,2027-01-04,D00,type3,7
734,2027-01-05,D00,type0,1
734,2027-01-05,D00,type1,6
734,2027-01-05,D00,type2,6
734,2027-01-05,D00,type3,8
735,2027-01-06,D00,type0,2
735,2027-01-06,D00,type1,2
735,2027-01-06,D00,type2,6
735,2027-01-06,D00,type3,4
736,2027-01-07,D00,type0,0
736,2027-01-07,D00,type1,0
736,2027-01-07,D00,type2,4
736,2027-01-07,D00,type3,7
737,2027-01-08,D00,type0,2
737,2027-01-08,D00,type1,2
737,2027-01-08,D00,type2,2
737,2027-01-08,D00,type3,5
738,2027-01-09,D00,type0,2
738,2027-01-09,D00,type1,3
738,2027-01-09,D00,type2,4
738,2027-01-09,D00,type3,7
739,2027-01-10,D00,type0,0
739,2027-01-10,D00,type1,1
739,2027-01-10,D00,type2,6
739,2027-01-10,D00,type3,5
740,2027-01-11,D00,type0,1
740,2027-01-11,D00,type1,4
740,2027-01-11,D00,type2,4
740,2027-01-11,D00,type3,3
741,2027-01-12,D00,type0,3
741,2027-01-12,D00,type1,2
741,2027-01-12,D00,type2,3
741,2027-01-12,D00,type3,3
742,2027-01-13,D00,type0,0
742,2027-01-13,D00,type1,3
742,2027-01-13,D00,type2,2
742,2027-01-13,D00,type3,5
743,2027-01-14,D00,type0,1
743,2027-01-14,D00,type1,2
743,2027-01-14,D00,type2,3
743,2027-01-14,D00,type3,2
744,2027-01-15,D00,type0,1
744,2027-01-15,D00,type1,5
744,2027-01-15,D00,type2,6
744,2027-01-15,D00,type3,2
745,2027-01-16,D00,type0,0
745,2027-01-16,D00,type1,3
745,2027-01-16,D00,type2,5
745,2027-01-16,D00,type3,5
746,2027-01-17,D00,type0,1
746,2027-01-17,D00,type1,3
746,2027-01-17,D00,type2,5
746,2027-01-17,D00,type3,4
747,2027-01-18,D00,type0,0
747,2027-01-18,D00,type1,3
747,2027-01-18,D00,type2,1
747,2027-01-18,D00,type3,5
748,2027-01-19,D00,type0,0
748,2027-01-19,D00,type1,5
748,2027-01-19,D00,type2,6
748,2027-01-19,D00,type3,7
749,2027-01-20,D00,type0,0
749,2027-01-20,D00,type1,2
749,2027-01-20,D00,type2,3
749,2027-01-20,D00,type3,6
750,2027-01-21,D00,type0,0
750,2027-01-21,D00,type1,1
750,2027-01-21,D00,type2,4
750,2027-01-21,D00,type3,3
751,2027-01-22,D00,type0,2
751,2027-01-22,D00,type1,7
751,2027-01-22,D00,type2,5
751,2027-01-22,D00,type3,4
752,2027-01-23,D00,type0,1
752,2027-01-23,D00,type1,2
752,2027-01-23,D00,type2,4
752,2027-01-23,D00,type3,3
753,2027-01-24,D00,type0,3
753,2027-01-24,D00,type1,5
753,2027-01-24,D00,type2,5
753,2027-01-24,D00,type3,5
754,2027-01-25,D00,type0,0
754,2027-01-25,D00,type1,3
754,2027-01-25,D00,type2,7
754,2027-01-25,D00,type3,7
755,2027-01-26,D00,type0,4
755,2027-01-26,D00,type1,3
755,2027-01-26,D00,type2,3
755,2027-01-26,D00,type3,5
756,2027-01-27,D00,type0,2
756,2027-01-27,D00,type1,3
756,2027-01-27,D00,type2,3
756,2027-01-27,D00,type3,4
757,2027-01-28,D00,type0,1
757,2027-01-28,D00,type1,1
757,2027-01-28,D00,type2,5
757,2027-01-28,D00,type3,3
758,2027-01-29,D00,type0,0
758,2027-01-29,D00,type1,3
758,2027-01-29,D00,type2,3
758,2027-01-29,D00,type3,1
759,2027-01-30,D00,type0,3
759,2027-01-30,D00,type1,3
759,2027-01-30,D00,type2,2
759,2027-01-30,D00,type3,6
760,2027-01-31,D00,type0,2
760,2027-01-31,D00,type1,3
760,2027-01-31,D00,type2,2
760,2027-01-31,D00,type3,4
761,2027-02-01,D00,type0,2
761,2027-02-01,D00,type1,1
761,2027-02-01,D00,type2,5
761,2027-02-01,D00,type3,1
762,2027-02-02,D00,type0,1
762,2027-02-02,D00,type1,7
762,2027-02-02,D00,type2,5
762,2027-02-02,D00,type3,2
763,2027-02-03,D00,type0,1
763,2027-02-03,D00,type1,4
763,2027-02-03,D00,type2,4
763,2027-02-03,D00,type3,4
764,2027-02-04,D00,type0,1
764,2027-02-04,D00,type1,3
764,2027-02-04,D00,type2,6
764,2027-02-04,D00,type3,2
765,2027-02-05,D00,type0,0
765,2027-02-05,D00,type1,4
765,2027-02-05,D00,type2,5
765,2027-02-05,D00,type3,2
766,2027-02-06,D00,type0,2
766,2027-02-06,D00,type1,1
766,2027-02-06,D00,type2,8
766,2027-02-06,D00,type3,2
767,2027-02-07,D00,type0,1
767,2027-02-07,D00,type1,6
767,2027-02-07,D00,type2,5
767,2027-02-07,D00,type3,3
768,2027-02-08,D00,type0,0
768,2027-02-08,D00,type1,1
768,2027-02-08,D00,type2,2
768,2027-02-08,D00,type3,2
769,2027-02-09,D00,type0,2
769,2027-02-09,D00,type1,1
769,2027-02-09,D00,type2,3
769,2027-02-09,D00,type3,3
770,2027-02-10,D00,type0,1
770,2027-02-10,D00,type1,2
770,2027-02-10,D00,type2,3
770,2027-02-10,D00,type3,5
771,2027-02-11,D00,type0,4
771,2027-02-11,D00,type1,5
771,2027-02-11,D00,type2,5
771,2027-02-11,D00,type3,3
772,2027-02-12,D00,type0,1
772,2027-02-12,D00,type1,5
772,2027-02-12,D00,type2,5
772,2027-02-12,D00,type3,3
773,2027-02-13,D00,type0,2
773,2027-02-13,D00,type1,4
773,2027-02-13,D00,type2,5
773,2027-02-13,D00,type3,6
774,2027-02-14,D00,type0,1
774,2027-02-14,D00,type1,4
774,2027-02-14,D00,type2,5
774,2027-02-14,D00,type3,3
775,2027-02-15,D00,type0,0
775,2027-02-15,D00,type1,6
775,2027-02-15,D00,type2,4
775,2027-02-15,D00,type3,2
776,2027-02-16,D00,type0,1
776,2027-02-16,D00,type1,5
776,2027-02-16,D00,type2,3
776,2027-02-16,D00,type3,6
777,2027-02-17,D00,type0,0
777,2027-02-17,D00,type1,2
777,2027-02-17,D00,type2,2
777,2027-02-17,D00,type3,0
778,2027-02-18,D00,type0,2
778,2027-02-18,D00,type1,2
778,2027-02-18,D00,type2,5
778,2027-02-18,D00,type3,0
779,2027-02-19,D00,type0,2
779,2027-02-19,D00,type1,2
779,2027-02-19,D00,type2,4
779,2027-02-19,D00,type3,4
780,2027-02-20,D00,type0,1
780,2027-02-20,D00,type1,2
780,2027-02-20,D00,type2,5
780,2027-02-20,D00,type3,7
781,2027-02-21,D00,type0,1
781,2027-02-21,D00,type1,2
781,2027-02-21,D00,type2,1
781,2027-02-21,D00,type3,3
782,2027-02-22,D00,type0,1
782,2027-02-22,D00,type1,4
782,2027-02-22,D00,type2,5
782,2027-02-22,D00,type3,6
783,2027-02-23,D00,type0,0
783,2027-02-23,D00,type1,4
783,2027-02-23,D00,type2,4
783,2027-02-23,D00,type3,0
784,2027-02-24,D00,type0,1
784,2027-02-24,D00,type1,7
784,2027-02-24,D00,type2,2
784,2027-02-24,D00,type3,0
785,2027-02-25,D00,type0,1
785,2027-02-25,D00,type1,6
785,2027-02-25,D00,type2,7
785,2027-02-25,D00,type3,0
786,2027-02-26,D00,type0,0
786,2027-02-26,D00,type1,1
786,2027-02-26,D00,type2,3
786,2027-02-26,D00,type3,4
787,2027-02-27,D00,type0,1
787,2027-02-27,D00,type1,5
787,2027-02-27,D00,type2,5
787,2027-02-27,D00,type3,3
788,2027-02-28,D00,type0,4
788,2027-02-28,D00,type1,1
788,2027-02-28,D00,type2,4
788,2027-02-28,D00,type3,4
789,2027-03-01,D00,type0,3
789,2027-03-01,D00,type1,0
789,2027-03-01,D00,type2,2
789,2027-03-01,D00,type3,2
790,2027-03-02,D00,type0,1
790,2027-03-02,D00,type1,2
790,2027-03-02,D00,type2,2
790,2027-03-02,D00,type3,3
791,2027-03-03,D00,type0,2
791,2027-03-03,D00,type1,3
791,2027-03-03,D00,type2,4
791,2027-03-03,D00,type3,2
792,2027-03-04,D00,type0,0
792,2027-03-04,D00,type1,2
792,2027-03-04,D00,type2,7
792,2027-03-04,D00,type3,2
793,2027-03-05,D00,type0,2
793,2027-03-05,D00,type1,4
793,2027-03-05,D00,type2,5
793,2027-03-05,D00,type3,3
794,2027-03-06,D00,type0,0
794,2027-03-06,D00,type1,2
794,2027-03-06,D00,type2,4
794,2027-03-06,D00,type3,4
795,2027-03-07,D00,type0,1
795,2027-03-07,D00,type1,2
795,2027-03-07,D00,type2,5
795,2027-03-07,D00,type3,3
796,2027-03-08,D00,type0,1
796,2027-03-08,D00,type1,3
796,2027-03-08,D00,type2,2
796,2027-03-08,D00,type3,3
797,2027-03-09,D00,type0,1
797,2027-03-09,D00,type1,1
797,2027-03-09,D00,type2,2
797,2027-03-09,D00,type3,1
798,2027-03-10,D00,type0,3
798,2027-03-10,D00,type1,1
798,2027-03-10,D00,type2,5
798,2027-03-10,D00,type3,6
799,2027-03-11,D00,type0,2
799,2027-03-11,D00,type1,0
799,2027-03-11,D00,type2,3
799,2027-03-11,D00,type3,3
800,2027-03-12,D00,type0,3
800,2027-03-12,D00,type1,3
800,2027-03-12,D00,type2,3
800,2027-03-12,D00,type3,2
801,2027-03-13,D00,type0,0
801,2027-03-13,D00,type1,1
801,2027-03-13,D00,type2,7
801,2027-03-13,D00,type3,2
802,2027-03-14,D00,type0,0
802,2027-03-14,D00,type1,2
802,2027-03-14,D00,type2,1
802,2027-03-14,D00,type3,2
803,2027-03-15,D00,type0,1
803,2027-03-15,D00,type1,2
803,2027-03-15,D00,type2,5
803,2027-03-15,D00,type3,3
804,2027-03-16,D00,type0,3
804,2027-03-16,D00,type1,3
804,2027-03-16,D00,type2,2
804,2027-03-16,D00,type3,2
805,2027-03-17,D00,type0,2
805,2027-03-17,D00,type1,3
805,2027-03-17,D00,type2,5
805,2027-03-17,D00,type3,1
806,2027-03-18,D00,type0,2
806,2027-03-18,D00,type1,1
806,2027-03-18,D00,type2,5
806,2027-03-18,D00,type3,4
807,2027-03-19,D00,type0,2
807,2027-03-19,D00,type1,1
807,2027-03-19,D00,type2,3
807,2027-03-19,D00,type3,1
808,2027-03-20,D00,type0,0
808,2027-03-20,D00,type1,2
808,2027-03-20,D00,type2,4
808,2027-03-20,D00,type3,0
809,2027-03-21,D00,type0,0
809,2027-03-21,D00,type1,3
809,2027-03-21,D00,type2,7
809,2027-03-21,D00,type3,3
810,2027-03-22,D00,type0,1
810,2027-03-22,D00,type1,1
810,2027-03-22,D00,type2,1
810,2027-03-22,D00,type3,1
811,2027-03-23,D00,type0,2
811,2027-03-23,D00,type1,0
811,2027-03-23,D00,type2,3
811,2027-03-23,D00,type3,3
812,2027-03-24,D00,type0,3
812,2027-03-24,D00,type1,4
812,2027-03-24,D00,type2,2
812,2027-03-24,D00,type3,0
813,2027-03-25,D00,type0,1
813,2027-03-25,D00,type1,3
813,2027-03-25,D00,type2,5
813,2027-03-25,D00,type3,3
814,2027-03-26,D00,type0,2
814,2027-03-26,D00,type1,0
814,2027-03-26,D00,type2,4
814,2027-03-26,D00,type3,1
815,2027-03-27,D00,type0,1
815,2027-03-27,D00,type1,1
815,2027-03-27,D00,type2,8
815,2027-03-27,D00,type3,2
816,2027-03-28,D00,type0,1
816,2027-03-28,D00,type1,0
816,2027-03-28,D00,type2,6
816,2027-03-28,D00,type3,1
817,2027-03-29,D00,type0,2
817,2027-03-29,D00,type1,3
817,2027-03-29,D00,type2,3
817,2027-03-29,D00,type3,3
818,2027-03-30,D00,type0,2
818,2027-03-30,D00,type1,1
818,2027-03-30,D00,type2,6
818,2027-03-30,D00,type3,2
819,2027-03-31,D00,type0,1
819,2027-03-31,D00,type1,0
819,2027-03-31,D00,type2,4
819,2027-03-31,D00,type3,2
820,2027-04-01,D00,type0,1
820,2027-04-01,D00,type1,1
820,2027-04-01,D00,type2,2
820,2027-04-01,D00,type3,3
821,2027-04-02,D00,type0,0
821,2027-04-02,D00,type1,2
821,2027-04-02,D00,type2,10
821,2027-04-02,D00,type3,1
822,2027-04-03,D00,type0,1
822,2027-04-03,D00,type1,2
822,2027-04-03,D00,type2,8
822,2027-04-03,D00,type3,0
823,2027-04-04,D00,type0,0
823,2027-04-04,D00,type1,1
823,2027-04-04,D00,type2,1
823,2027-04-04,D00,type3,1
824,2027-04-05,D00,type0,0
824,2027-04-05,D00,type1,1
824,2027-04-05,D00,type2,3
824,2027-04-05,D00,type3,1
825,2027-04-06,D00,type0,3
825,2027-04-06,D00,type1,2
825,2027-04-06,D00,type2,5
825,2027-04-06,D00,type3,0
826,2027-04-07,D00,type0,1
826,2027-04-07,D00,type1,2
826,2027-04-07,D00,type2,6
826,2027-04-07,D00,type3,0
827,2027-04-08,D00,type0,1
827,2027-04-08,D00,type1,2
827,2027-04-08,D00,type2,3
827,2027-04-08,D00,type3,0
828,2027-04-09,D00,type0,1
828,2027-04-09,D00,type1,2
828,2027-04-09,D00,type2,4
828,2027-04-09,D00,type3,0
829,2027-04-10,D00,type0,1
829,2027-04-10,D00,type1,2
829,2027-04-10,D00,type2,5
829,2027-04-10,D00,type3,0
830,2027-04-11,D00,type0,1
830,2027-04-11,D00,type1,1
830,2027-04-11,D00,type2,1
830,2027-04-11,D00,type3,2
831,2027-04-12,D00,type0,1
831,2027-04-12,D00,type1,0
831,2027-04-12,D00,type2,3
831,2027-04-12,D00,type3,0
832,2027-04-13,D00,type0,1
832,2027-04-13,D00,type1,3
832,2027-04-13,D00,type2,4
832,2027-04-13,D00,type3,0
833,2027-04-14,D00,type0,2
833,2027-04-14,D00,type1,1
833,2027-04-14,D00,type2,4
833,2027-04-14,D00,type3,0
834,2027-04-15,D00,type0,3
834,2027-04-15,D00,type1,1
834,2027-04-15,D00,type2,4
834,2027-04-15,D00,type3,1
835,2027-04-16,D00,type0,1
835,2027-04-16,D00,type1,1
835,2027-04-16,D00,type2,6
835,2027-04-16,D00,type3,2
836,2027-04-17,D00,type0,1
836,2027-04-17,D00,type1,1
836,2027-04-17,D00,type2,3
836,2027-04-17,D00,type3,1
837,2027-04-18,D00,type0,4
837,2027-04-18,D00,type1,3
837,2027-04-18,D00,type2,6
837,2027-04-18,D00,type3,1
838,2027-04-19,D00,type0,0
838,2027-04-19,D00,type1,2
838,2027-04-19,D00,type2,1
838,2027-04-19,D00,type3,2
839,2027-04-20,D00,type0,2
839,2027-04-20,D00,type1,2
839,2027-04-20,D00,type2,4
839,2027-04-20,D00,type3,1
840,2027-04-21,D00,type0,1
840,2027-04-21,D00,type1,1
840,2027-04-21,D00,type2,2
840,2027-04-21,D00,type3,0
841,2027-04-22,D00,type0,0
841,2027-04-22,D00,type1,2
841,2027-04-22,D00,type2,7
841,2027-04-22,D00,type3,0
842,2027-04-23,D00,type0,1
842,2027-04-23,D00,type1,1
842,2027-04-23,D00,type2,1
842,2027-04-23,D00,type3,2
843,2027-04-24,D00,type0,1
843,2027-04-24,D00,type1,1
843,2027-04-24,D00,type2,4
843,2027-04-24,D00,type3,0
844,2027-04-25,D00,type0,1
844,2027-04-25,D00,type1,1
844,2027-04-25,D00,type2,3
844,2027-04-25,D00,type3,1
845,2027-04-26,D00,type0,0
845,2027-04-26,D00,type1,0
845,2027-04-26,D00,type2,6
845,2027-04-26,D00,type3,1
846,2027-04-27,D00,type0,3
846,2027-04-27,D00,type1,2
846,2027-04-27,D00,type2,5
846,2027-04-27,D00,type3,0
847,2027-04-28,D00,type0,1
847,2027-04-28,D00,type1,2
847,2027-04-28,D00,type2,4
847,2027-04-28,D00,type3,1
848,2027-04-29,D00,type0,3
848,2027-04-29,D00,type1,2
848,2027-04-29,D00,type2,2
848,2027-04-29,D00,type3,1
849,2027-04-30,D00,type0,3
849,2027-04-30,D00,type1,0
849,2027-04-30,D00,type2,3
849,2027-04-30,D00,type3,0
850,2027-05-01,D00,type0,4
850,2027-05-01,D00,type1,1
850,2027-05-01,D00,type2,2
850,2027-05-01,D00,type3,1
851,2027-05-02,D00,type0,0
851,2027-05-02,D00,type1,3
851,2027-05-02,D00,type2,4
851,2027-05-02,D00,type3,1
852,2027-05-03,D00,type0,1
852,2027-05-03,D00,type1,2
852,2027-05-03,D00,type2,5
852,2027-05-03,D00,type3,1
853,2027-05-04,D00,type0,2
853,2027-05-04,D00,type1,2
853,2027-05-04,D00,type2,3
853,2027-05-04,D00,type3,2
854,2027-05-05,D00,type0,0
854,2027-05-05,D00,type1,1
854,2027-05-05,D00,type2,7
854,2027-05-05,D00,type3,1
855,2027-05-06,D00,type0,1
855,2027-05-06,D00,type1,1
855,2027-05-06,D00,type2,4
855,2027-05-06,D00,type3,2
856,2027-05-07,D00,type0,0
856,2027-05-07,D00,type1,1
856,2027-05-07,D00,type2,6
856,2027-05-07,D00,type3,1
857,2027-05-08,D00,type0,2
857,2027-05-08,D00,type1,3
857,2027-05-08,D00,type2,4
857,2027-05-08,D00,type3,0
858,2027-05-09,D00,type0,0
858,2027-05-09,D00,type1,0
858,2027-05-09,D00,type2,2
858,2027-05-09,D00,type3,0
859,2027-05-10,D00,type0,1
859,2027-05-10,D00,type1,0
859,2027-05-10,D00,type2,10
859,2027-05-10,D00,type3,4
860,2027-05-11,D00,type0,4
860,2027-05-11,D00,type1,2
860,2027-05-11,D00,type2,11
860,2027-05-11,D00,type3,1
861,2027-05-12,D00,type0,1
861,2027-05-12,D00,type1,4
861,2027-05-12,D00,type2,5
861,2027-05-12,D00,type3,1
862,2027-05-13,D00,type0,2
862,2027-05-13,D00,type1,2
862,2027-05-13,D00,type2,5
862,2027-05-13,D00,type3,0
863,2027-05-14,D00,type0,1
863,2027-05-14,D00,type1,0
863,2027-05-14,D00,type2,5
863,2027-05-14,D00,type3,0
864,2027-05-15,D00,type0,0
864,2027-05-15,D00,type1,2
864,2027-05-15,D00,type2,1
864,2027-05-15,D00,type3,1
865,2027-05-16,D00,type0,2
865,2027-05-16,D00,type1,3
865,2027-05-16,D00,type2,5
865,2027-05-16,D00,type3,2
866,2027-05-17,D00,type0,0
866,2027-05-17,D00,type1,1
866,2027-05-17,D00,type2,6
866,2027-05-17,D00,type3,1
867,2027-05-18,D00,type0,0
867,2027-05-18,D00,type1,0
867,2027-05-18,D00,type2,5
867,2027-05-18,D00,type3,0
868,2027-05-19,D00,type0,0
868,2027-05-19,D00,type1,1
868,2027-05-19,D00,type2,3
868,2027-05-19,D00,type3,1
869,2027-05-20,D00,type0,1
869,2027-05-20,D00,type1,0
869,2027-05-20,D00,type2,3
869,2027-05-20,D00,type3,3
870,2027-05-21,D00,type0,1
870,2027-05-21,D00,type1,1
870,2027-05-21,D00,type2,1
870,2027-05-21,D00,type3,2
871,2027-05-22,D00,type0,2
871,2027-05-22,D00,type1,0
871,2027-05-22,D00,type2,5
871,2027-05-22,D00,type3,0
872,2027-05-23,D00,type0,3
872,2027-05-23,D00,type1,1
872,2027-05-23,D00,type2,7
872,2027-05-23,D00,type3,1
873,2027-05-24,D00,type0,1
873,2027-05-24,D00,type1,0
873,2027-05-24,D00,type2,2
873,2027-05-24,D00,type3,2
874,2027-05-25,D00,type0,3
874,2027-05-25,D00,type1,2
874,2027-05-25,D00,type2,5
874,2027-05-25,D00,type3,1
875,2027-05-26,D00,type0,0
875,2027-05-26,D00,type1,1
875,2027-05-26,D00,type2,2
875,2027-05-26,D00,type3,1
876,2027-05-27,D00,type0,2
876,2027-05-27,D00,type1,3
876,2027-05-27,D00,type2,3
876,2027-05-27,D00,type3,1
877,2027-05-28,D00,type0,1
877,2027-05-28,D00,type1,4
877,2027-05-28,D00,type2,6
877,2027-05-28,D00,type3,4
878,2027-05-29,D00,type0,1
878,2027-05-29,D00,type1,1
878,2027-05-29,D00,type2,0
878,2027-05-29,D00,type3,1
879,2027-05-30,D00,type0,0
879,2027-05-30,D00,type1,2
879,2027-05-30,D00,type2,4
879,2027-05-30,D00,type3,2
880,2027-05-31,D00,type0,0
880,2027-05-31,D00,type1,2
880,2027-05-31,D00,type2,3
880,2027-05-31,D00,type3,0
881,2027-06-01,D00,type0,0
881,2027-06-01,D00,type1,0
881,2027-06-01,D00,type2,8
881,2027-06-01,D00,type3,0
882,2027-06-02,D00,type0,1
882,2027-06-02,D00,type1,2
882,2027-06-02,D00,type2,5
882,2027-06-02,D00,type3,1
883,2027-06-03,D00,type0,1
883,2027-06-03,D00,type1,2
883,2027-06-03,D00,type2,2
883,2027-06-03,D00,type3,1
884,2027-06-04,D00,type0,2
884,2027-06-04,D00,type1,4
884,2027-06-04,D00,type2,6
884,2027-06-04,D00,type3,1
885,2027-06-05,D00,type0,2
885,2027-06-05,D00,type1,2
885,2027-06-05,D00,type2,4
885,2027-06-05,D00,type3,0
886,2027-06-06,D00,type0,1
886,2027-06-06,D00,type1,4
886,2027-06-06,D00,type2,4
886,2027-06-06,D00,type3,1
887,2027-06-07,D00,type0,3
887,2027-06-07,D00,type1,3
887,2027-06-07,D00,type2,1
887,2027-06-07,D00,type3,1
888,2027-06-08,D00,type0,3
888,2027-06-08,D00,type1,0
888,2027-06-08,D00,type2,1
888,2027-06-08,D00,type3,2
889,2027-06-09,D00,type0,0
889,2027-06-09,D00,type1,0
889,2027-06-09,D00,type2,5
889,2027-06-09,D00,type3,1
890,2027-06-10,D00,type0,1
890,2027-06-10,D00,type1,2
890,2027-06-10,D00,type2,6
890,2027-06-10,D00,type3,0
891,2027-06-11,D00,type0,1
891,2027-06-11,D00,type1,2
891,2027-06-11,D00,type2,4
891,2027-06-11,D00,type3,3
892,2027-06-12,D00,type0,3
892,2027-06-12,D00,type1,3
892,2027-06-12,D00,type2,4
892,2027-06-12,D00,type3,1
893,2027-06-13,D00,type0,3
893,2027-06-13,D00,type1,7
893,2027-06-13,D00,type2,1
893,2027-06-13,D00,type3,2
894,2027-06-14,D00,type0,1
894,2027-06-14,D00,type1,2
894,2027-06-14,D00,type2,2
894,2027-06-14,D00,type3,2
895,2027-06-15,D00,type0,3
895,2027-06-15,D00,type1,2
895,2027-06-15,D00,type2,4
895,2027-06-15,D00,type3,3
896,2027-06-16,D00,type0,1
896,2027-06-16,D00,type1,2
896,2027-06-16,D00,type2,4
896,2027-06-16,D00,type3,1
897,2027-06-17,D00,type0,0
897,2027-06-17,D00,type1,5
897,2027-06-17,D00,type2,6
897,2027-06-17,D00,type3,0
898,2027-06-18,D00,type0,4
898,2027-06-18,D00,type1,4
898,2027-06-18,D00,type2,3
898,2027-06-18,D00,type3,5
899,2027-06-19,D00,type0,2
899,2027-06-19,D00,type1,5
899,2027-06-19,D00,type2,8
899,2027-06-19,D00,type3,0
900,2027-06-20,D00,type0,3
900,2027-06-20,D00,type1,2
900,2027-06-20,D00,type2,9
900,2027-06-20,D00,type3,1
901,2027-06-21,D00,type0,1
901,2027-06-21,D00,type1,3
901,2027-06-21,D00,type2,8
901,2027-06-21,D00,type3,1
902,2027-06-22,D00,type0,0
902,2027-06-22,D00,type1,1
902,2027-06-22,D00,type2,5
902,2027-06-22,D00,type3,1
903,2027-06-23,D00,type0,1
903,2027-06-23,D00,type1,2
903,2027-06-23,D00,type2,6
903,2027-06-23,D00,type3,2
904,2027-06-24,D00,type0,1
904,2027-06-24,D00,type1,5
904,2027-06-24,D00,type2,3
904,2027-06-24,D00,type3,0
905,2027-06-25,D00,type0,1
905,2027-06-25,D00,type1,1
905,2027-06-25,D00,type2,9
905,2027-06-25,D00,type3,0
906,2027-06-26,D00,type0,1
906,2027-06-26,D00,type1,6
906,2027-06-26,D00,type2,6
906,2027-06-26,D00,type3,2
907,2027-06-27,D00,type0,1
907,2027-06-27,D00,type1,2
907,2027-06-27,D00,type2,5
907,2027-06-27,D00,type3,0
908,2027-06-28,D00,type0,1
908,2027-06-28,D00,type1,3
908,2027-06-28,D00,type2,3
908,2027-06-28,D00,type3,1
909,2027-06-29,D00,type0,0
909,2027-06-29,D00,type1,1
909,2027-06-29,D00,type2,7
909,2027-06-29,D00,type3,1
910,2027-06-30,D00,type0,3
910,2027-06-30,D00,type1,3
910,2027-06-30,D00,type2,8
910,2027-06-30,D00,type3,0
911,2027-07-01,D00,type0,1
911,2027-07-01,D00,type1,0
911,2027-07-01,D00,type2,3
911,2027-07-01,D00,type3,0
912,2027-07-02,D00,type0,2
912,2027-07-02,D00,type1,5
912,2027-07-02,D00,type2,6
912,2027-07-02,D00,type3,0
913,2027-07-03,D00,type0,3
913,2027-07-03,D00,type1,2
913,2027-07-03,D00,type2,7
913,2027-07-03,D00,type3,1
914,2027-07-04,D00,type0,2
914,2027-07-04,D00,type1,0
914,2027-07-04,D00,type2,8
914,2027-07-04,D00,type3,0
915,2027-07-05,D00,type0,1
915,2027-07-05,D00,type1,5
915,2027-07-05,D00,type2,7
915,2027-07-05,D00,type3,2
916,2027-07-06,D00,type0,0
916,2027-07-06,D00,type1,3
916,2027-07-06,D00,type2,7
916,2027-07-06,D00,type3,0
917,2027-07-07,D00,type0,1
917,2027-07-07,D00,type1,2
917,2027-07-07,D00,type2,5
917,2027-07-07,D00,type3,0
918,2027-07-08,D00,type0,0
918,2027-07-08,D00,type1,1
918,2027-07-08,D00,type2,14
918,2027-07-08,D00,type3,2
919,2027-07-09,D00,type0,3
919,2027-07-09,D00,type1,1
919,2027-07-09,D00,type2,9
919,2027-07-09,D00,type3,1
920,2027-07-10,D00,type0,2
920,2027-07-10,D00,type1,3
920,2027-07-10,D00,type2,9
920,2027-07-10,D00,type3,0
921,2027-07-11,D00,type0,1
921,2027-07-11,D00,type1,1
921,2027-07-11,D00,type2,7
921,2027-07-11,D00,type3,0
922,2027-07-12,D00,type0,0
922,2027-07-12,D00,type1,4
922,2027-07-12,D00,type2,11
922,2027-07-12,D00,type3,1
923,2027-07-13,D00,type0,1
923,2027-07-13,D00,type1,3
923,2027-07-13,D00,type2,6
923,2027-07-13,D00,type3,1
924,2027-07-14,D00,type0,1
924,2027-07-14,D00,type1,3
924,2027-07-14,D00,type2,6
924,2027-07-14,D00,type3,0
925,2027-07-15,D00,type0,2
925,2027-07-15,D00,type1,9
925,2027-07-15,D00,type2,13
925,2027-07-15,D00,type3,1
926,2027-07-16,D00,type0,1
926,2027-07-16,D00,type1,3
926,2027-07-16,D00,type2,8
926,2027-07-16,D00,type3,2
927,2027-07-17,D00,type0,2
927,2027-07-17,D00,type1,4
927,2027-07-17,D00,type2,5
927,2027-07-17,D00,type3,0
928,2027-07-18,D00,type0,1
928,2027-07-18,D00,type1,2
928,2027-07-18,D00,type2,13
928,2027-07-18,D00,type3,2
929,2027-07-19,D00,type0,0
929,2027-07-19,D00,type1,2
929,2027-07-19,D00,type2,11
929,2027-07-19,D00,type3,2
930,2027-07-20,D00,type0,2
930,2027-07-20,D00,type1,4
930,2027-07-20,D00,type2,10
930,2027-07-20,D00,type3,3
931,2027-07-21,D00,type0,1
931,2027-07-21,D00,type1,2
931,2027-07-21,D00,type2,16
931,2027-07-21,D00,type3,1
932,2027-07-22,D00,type0,1
932,2027-07-22,D00,type1,2
932,2027-07-22,D00,type2,9
932,2027-07-22,D00,type3,0
933,2027-07-23,D00,type0,2
933,2027-07-23,D00,type1,3
933,2027-07-23,D00,type2,1
933,2027-07-23,D00,type3,0
934,2027-07-24,D00,type0,0
934,2027-07-24,D00,type1,4
934,2027-07-24,D00,type2,10
934,2027-07-24,D00,type3,0
935,2027-07-25,D00,type0,0
935,2027-07-25,D00,type1,2
935,2027-07-25,D00,type2,7
935,2027-07-25,D00,type3,3
936,2027-07-26,D00,type0,2
936,2027-07-26,D00,type1,4
936,2027-07-26,D00,type2,7
936,2027-07-26,D00,type3,2
937,2027-07-27,D00,type0,2
937,2027-07-27,D00,type1,4
937,2027-07-27,D00,type2,11
937,2027-07-27,D00,type3,3
938,2027-07-28,D00,type0,1
938,2027-07-28,D00,type1,6
938,2027-07-28,D00,type2,7
938,2027-07-28,D00,type3,2
939,2027-07-29,D00,type0,1
939,2027-07-29,D00,type1,1
939,2027-07-29,D00,type2,11
939,2027-07-29,D00,type3,2
940,2027-07-30,D00,type0,1
940,2027-07-30,D00,type1,3
940,2027-07-30,D00,type2,11
940,2027-07-30,D00,type3,1
941,2027-07-31,D00,type0,2
941,2027-07-31,D00,type1,6
941,2027-07-31,D00,type2,11
941,2027-07-31,D00,type3,3
942,2027-08-01,D00,type0,2
942,2027-08-01,D00,type1,5
942,2027-08-01,D00,type2,7
942,2027-08-01,D00,type3,1
943,2027-08-02,D00,type0,0
943,2027-08-02,D00,type1,5
943,2027-08-02,D00,type2,9
943,2027-08-02,D00,type3,3
944,2027-08-03,D00,type0,2
944,2027-08-03,D00,type1,3
944,2027-08-03,D00,type2,8
944,2027-08-03,D00,type3,1
945,2027-08-04,D00,type0,1
945,2027-08-04,D00,type1,3
945,2027-08-04,D00,type2,8
945,2027-08-04,D00,type3,1
946,2027-08-05,D00,type0,0
946,2027-08-05,D00,type1,3
946,2027-08-05,D00,type2,4
946,2027-08-05,D00,type3,1
947,2027-08-06,D00,type0,1
947,2027-08-06,D00,type1,1
947,2027-08-06,D00,type2,7
947,2027-08-06,D00,type3,0
948,2027-08-07,D00,type0,1
948,2027-08-07,D00,type1,0
948,2027-08-07,D00,type2,14
948,2027-08-07,D00,type3,1
949,2027-08-08,D00,type0,2
949,2027-08-08,D00,type1,2
949,2027-08-08,D00,type2,8
949,2027-08-08,D00,type3,4
950,2027-08-09,D00,type0,5
950,2027-08-09,D00,type1,1
950,2027-08-09,D00,type2,12
950,2027-08-09,D00,type3,1
951,2027-08-10,D00,type0,3
951,2027-08-10,D00,type1,3
951,2027-08-10,D00,type2,9
951,2027-08-10,D00,type3,0
952,2027-08-11,D00,type0,0
952,2027-08-11,D00,type1,6
952,2027-08-11,D00,type2,13
952,2027-08-11,D00,type3,1
953,2027-08-12,D00,type0,0
953,2027-08-12,D00,type1,1
953,2027-08-12,D00,type2,12
953,2027-08-12,D00,type3,0
954,2027-08-13,D00,type0,2
954,2027-08-13,D00,type1,2
954,2027-08-13,D00,type2,8
954,2027-08-13,D00,type3,0
955,2027-08-14,D00,type0,1
955,2027-08-14,D00,type1,2
955,2027-08-14,D00,type2,9
955,2027-08-14,D00,type3,0
956,2027-08-15,D00,type0,2
956,2027-08-15,D00,type1,3
956,2027-08-15,D00,type2,8
956,2027-08-15,D00,type3,1
957,2027-08-16,D00,type0,0
957,2027-08-16,D00,type1,3
957,2027-08-16,D00,type2,12
957,2027-08-16,D00,type3,1
958,2027-08-17,D00,type0,2
958,2027-08-17,D00,type1,5
958,2027-08-17,D00,type2,10
958,2027-08-17,D00,type3,1
959,2027-08-18,D00,type0,2
959,2027-08-18,D00,type1,1
959,2027-08-18,D00,type2,1
959,2027-08-18,D00,type3,1
960,2027-08-19,D00,type0,1
960,2027-08-19,D00,type1,2
960,2027-08-19,D00,type2,6
960,2027-08-19,D00,type3,1
961,2027-08-20,D00,type0,1
961,2027-08-20,D00,type1,0
961,2027-08-20,D00,type2,6
961,2027-08-20,D00,type3,0
962,2027-08-21,D00,type0,2
962,2027-08-21,D00,type1,2
962,2027-08-21,D00,type2,9
962,2027-08-21,D00,type3,1
963,2027-08-22,D00,type0,2
963,2027-08-22,D00,type1,3
963,2027-08-22,D00,type2,5
963,2027-08-22,D00,type3,1
964,2027-08-23,D00,type0,3
964,2027-08-23,D00,type1,2
964,2027-08-23,D00,type2,7
964,2027-08-23,D00,type3,1
965,2027-08-24,D00,type0,0
965,2027-08-24,D00,type1,3
965,2027-08-24,D00,type2,7
965,2027-08-24,D00,type3,3
966,2027-08-25,D00,type0,0
966,2027-08-25,D00,type1,0
966,2027-08-25,D00,type2,7
966,2027-08-25,D00,type3,1
967,2027-08-26,D00,type0,3
967,2027-08-26,D00,type1,1
967,2027-08-26,D00,type2,11
967,2027-08-26,D00,type3,0
968,2027-08-27,D00,type0,2
968,2027-08-27,D00,type1,1
968,2027-08-27,D00,type2,7
968,2027-08-27,D00,type3,1
969,2027-08-28,D00,type0,1
969,2027-08-28,D00,type1,2
969,2027-08-28,D00,type2,9
969,2027-08-28,D00,type3,2
970,2027-08-29,D00,type0,0
970,2027-08-29,D00,type1,0
970,2027-08-29,D00,type2,7
970,2027-08-29,D00,type3,0
971,2027-08-30,D00,type0,0
971,2027-08-30,D00,type1,2
971,2027-08-30,D00,type2,6
971,2027-08-30,D00,type3,2
972,2027-08-31,D00,type0,0
972,2027-08-31,D00,type1,2
972,2027-08-31,D00,type2,4
972,2027-08-31,D00,type3,0
973,2027-09-01,D00,type0,2
973,2027-09-01,D00,type1,2
973,2027-09-01,D00,type2,9
973,2027-09-01,D00,type3,0
974,2027-09-02,D00,type0,1
974,2027-09-02,D00,type1,2
974,2027-09-02,D00,type2,4
974,2027-09-02,D00,type3,0
975,2027-09-03,D00,type0,1
975,2027-09-03,D00,type1,2
975,2027-09-03,D00,type2,5
975,2027-09-03,D00,type3,1
976,2027-09-04,D00,type0,3
976,2027-09-04,D00,type1,1
976,2027-09-04,D00,type2,7
976,2027-09-04,D00,type3,1
977,2027-09-05,D00,type0,1
977,2027-09-05,D00,type1,4
977,2027-09-05,D00,type2,3
977,2027-09-05,D00,type3,0
978,2027-09-06,D00,type0,2
978,2027-09-06,D00,type1,1
978,2027-09-06,D00,type2,6
978,2027-09-06,D00,type3,2
979,2027-09-07,D00,type0,3
979,2027-09-07,D00,type1,4
979,2027-09-07,D00,type2,5
979,2027-09-07,D00,type3,1
980,2027-09-08,D00,type0,2
980,2027-09-08,D00,type1,2
980,2027-09-08,D00,type2,5
980,2027-09-08,D00,type3,1
981,2027-09-09,D00,type0,1
981,2027-09-09,D00,type1,1
981,2027-09-09,D00,type2,6
981,2027-09-09,D00,type3,0
982,2027-09-10,D00,type0,1
982,2027-09-10,D00,type1,3
982,2027-09-10,D00,type2,3
982,2027-09-10,D00,type3,2
983,2027-09-11,D00,type0,0
983,2027-09-11,D00,type1,1
983,2027-09-11,D00,type2,3
983,2027-09-11,D00,type3,2
984,2027-09-12,D00,type0,2
984,2027-09-12,D00,type1,0
984,2027-09-12,D00,type2,3
984,2027-09-12,D00,type3,0
985,2027-09-13,D00,type0,2
985,2027-09-13,D00,type1,0
985,2027-09-13,D00,type2,6
985,2027-09-13,D00,type3,0
986,2027-09-14,D00,type0,0
986,2027-09-14,D00,type1,1
986,2027-09-14,D00,type2,6
986,2027-09-14,D00,type3,0
987,2027-09-15,D00,type0,2
987,2027-09-15,D00,type1,1
987,2027-09-15,D00,type2,4
987,2027-09-15,D00,type3,0
988,2027-09-16,D00,type0,1
988,2027-09-16,D00,type1,1
988,2027-09-16,D00,type2,2
988,2027-09-16,D00,type3,0
989,2027-09-17,D00,type0,1
989,2027-09-17,D00,type1,1
989,2027-09-17,D00,type2,6
989,2027-09-17,D00,type3,2
990,2027-09-18,D00,type0,0
990,2027-09-18,D00,type1,2
990,2027-09-18,D00,type2,2
990,2027-09-18,D00,type3,0
991,2027-09-19,D00,type0,0
991,2027-09-19,D00,type1,0
991,2027-09-19,D00,type2,3
991,2027-09-19,D00,type3,1
992,2027-09-20,D00,type0,1
992,2027-09-20,D00,type1,2
992,2027-09-20,D00,type2,4
992,2027-09-20,D00,type3,1
993,2027-09-21,D00,type0,3
993,2027-09-21,D00,type1,2
993,2027-09-21,D00,type2,4
993,2027-09-21,D00,type3,1
994,2027-09-22,D00,type0,1
994,2027-09-22,D00,type1,0
994,2027-09-22,D00,type2,2
994,2027-09-22,D00,type3,1
995,2027-09-23,D00,type0,0
995,2027-09-23,D00,type1,2
995,2027-09-23,D00,type2,5
995,2027-09-23,D00,type3,1
996,2027-09-24,D00,type0,1
996,2027-09-24,D00,type1,2
996,2027-09-24,D00,type2,0
996,2027-09-24,D00,type3,0
997,2027-09-25,D00,type0,2
997,2027-09-25,D00,type1,2
997,2027-09-25,D00,type2,3
997,2027-09-25,D00,type3,0
998,2027-09-26,D00,type0,1
998,2027-09-26,D00,type1,0
998,2027-09-26,D00,type2,9
998,2027-09-26,D00,type3,2
999,2027-09-27,D00,type0,0
999,2027-09-27,D00,type1,0
999,2027-09-27,D00,type2,2
999,2027-09-27,D00,type3,1
1000,2027-09-28,D00,type0,3
1000,2027-09-28,D00,type1,3
1000,2027-09-28,D00,type2,6
1000,2027-09-28,D00,type3,4
1001,2027-09-29,D00,type0,3
1001,2027-09-29,D00,type1,3
1001,2027-09-29,D00,type2,7
1001,2027-09-29,D00,type3,0
1002,2027-09-30,D00,type0,0
1002,2027-09-30,D00,type1,1
1002,2027-09-30,D00,type2,1
1002,2027-09-30,D00,type3,2
1003,2027-10-01,D00,type0,1
1003,2027-10-01,D00,type1,2
1003,2027-10-01,D00,type2,4
1003,2027-10-01,D00,type3,1
1004,2027-10-02,D00,type0,0
1004,2027-10-02,D00,type1,1
1004,2027-10-02,D00,type2,4
1004,2027-10-02,D00,type3,2
1005,2027-10-03,D00,type0,2
1005,2027-10-03,D00,type1,1
1005,2027-10-03,D00,type2,5
1005,2027-10-03,D00,type3,1
1006,2027-10-04,D00,type0,1
1006,2027-10-04,D00,type1,0
1006,2027-10-04,D00,type2,3
1006,2027-10-04,D00,type3,1
1007,2027-10-05,D00,type0,3
1007,2027-10-05,D00,type1,1
1007,2027-10-05,D00,type2,4
1007,2027-10-05,D00,type3,2
1008,2027-10-06,D00,type0,1
1008,2027-10-06,D00,type1,2
1008,2027-10-06,D00,type2,1
1008,2027-10-06,D00,type3,0
1009,2027-10-07,D00,type0,1
1009,2027-10-07,D00,type1,2
1009,2027-10-07,D00,type2,2
1009,2027-10-07,D00,type3,0
1010,2027-10-08,D00,type0,3
1010,2027-10-08,D00,type1,2
1010,2027-10-08,D00,type2,3
1010,2027-10-08,D00,type3,3
1011,2027-10-09,D00,type0,0
1011,2027-10-09,D00,type1,1
1011,2027-10-09,D00,type2,3
1011,2027-10-09,D00,type3,0
1012,2027-10-10,D00,type0,1
1012,2027-10-10,D00,type1,1
1012,2027-10-10,D00,type2,6
1012,2027-10-10,D00,type3,0
1013,2027-10-11,D00,type0,1
1013,2027-10-11,D00,type1,0
1013,2027-10-11,D00,type2,2
1013,2027-10-11,D00,type3,4
1014,2027-10-12,D00,type0,1
1014,2027-10-12,D00,type1,3
1014,2027-10-12,D00,type2,3
1014,2027-10-12,D00,type3,1
1015,2027-10-13,D00,type0,0
1015,2027-10-13,D00,type1,2
1015,2027-10-13,D00,type2,7
1015,2027-10-13,D00,type3,1
1016,2027-10-14,D00,type0,0
1016,2027-10-14,D00,type1,3
1016,2027-10-14,D00,type2,0
1016,2027-10-14,D00,type3,1
1017,2027-10-15,D00,type0,2
1017,2027-10-15,D00,type1,1
1017,2027-10-15,D00,type2,5
1017,2027-10-15,D00,type3,3
1018,2027-10-16,D00,type0,2
1018,2027-10-16,D00,type1,1
1018,2027-10-16,D00,type2,2
1018,2027-10-16,D00,type3,0
1019,2027-10-17,D00,type0,2
1019,2027-10-17,D00,type1,1
1019,2027-10-17,D00,type2,3
1019,2027-10-17,D00,type3,1
1020,2027-10-18,D00,type0,1
1020,2027-10-18,D00,type1,1
1020,2027-10-18,D00,type2,5
1020,2027-10-18,D00,type3,2
1021,2027-10-19,D00,type0,2
1021,2027-10-19,D00,type1,3
1021,2027-10-19,D00,type2,1
1021,2027-10-19,D00,type3,6
1022,2027-10-20,D00,type0,2
1022,2027-10-20,D00,type1,0
1022,2027-10-20,D00,type2,2
1022,2027-10-20,D00,type3,1
1023,2027-10-21,D00,type0,0
1023,2027-10-21,D00,type1,3
1023,2027-10-21,D00,type2,5
1023,2027-10-21,D00,type3,2
1024,2027-10-22,D00,type0,3
1024,2027-10-22,D00,type1,1
1024,2027-10-22,D00,type2,4
1024,2027-10-22,D00,type3,1
1025,2027-10-23,D00,type0,3
1025,2027-10-23,D00,type1,2
1025,2027-10-23,D00,type2,0
1025,2027-10-23,D00,type3,0
1026,2027-10-24,D00,type0,2
1026,2027-10-24,D00,type1,1
1026,2027-10-24,D00,type2,4
1026,2027-10-24,D00,type3,2
1027,2027-10-25,D00,type0,1
1027,2027-10-25,D00,type1,4
1027,2027-10-25,D00,type2,7
1027,2027-10-25,D00,type3,1
1028,2027-10-26,D00,type0,2
1028,2027-10-26,D00,type1,2
1028,2027-10-26,D00,type2,0
1028,2027-10-26,D00,type3,1
1029,2027-10-27,D00,type0,0
1029,2027-10-27,D00,type1,1
1029,2027-10-27,D00,type2,9
1029,2027-10-27,D00,type3,1
1030,2027-10-28,D00,type0,1
1030,2027-10-28,D00,type1,4
1030,2027-10-28,D00,type2,4
1030,2027-10-28,D00,type3,2
1031,2027-10-29,D00,type0,1
1031,2027-10-29,D00,type1,3
1031,2027-10-29,D00,type2,5
1031,2027-10-29,D00,type3,2
1032,2027-10-30,D00,type0,0
1032,2027-10-30,D00,type1,2
1032,2027-10-30,D00,type2,10
1032,2027-10-30,D00,type3,0
1033,2027-10-31,D00,type0,0
1033,2027-10-31,D00,type1,2
1033,2027-10-31,D00,type2,2
1033,2027-10-31,D00,type3,1
1034,2027-11-01,D00,type0,1
1034,2027-11-01,D00,type1,3
1034,2027-11-01,D00,type2,2
1034,2027-11-01,D00,type3,1
1035,2027-11-02,D00,type0,1
1035,2027-11-02,D00,type1,2
1035,2027-11-02,D00,type2,3
1035,2027-11-02,D00,type3,1
1036,2027-11-03,D00,type0,0
1036,2027-11-03,D00,type1,1
1036,2027-11-03,D00,type2,3
1036,2027-11-03,D00,type3,0
1037,2027-11-04,D00,type0,2
1037,2027-11-04,D00,type1,2
1037,2027-11-04,D00,type2,3
1037,2027-11-04,D00,type3,2
1038,2027-11-05,D00,type0,1
1038,2027-11-05,D00,type1,1
1038,2027-11-05,D00,type2,1
1038,2027-11-05,D00,type3,1
1039,2027-11-06,D00,type0,1
1039,2027-11-06,D00,type1,3
1039,2027-11-06,D00,type2,6
1039,2027-11-06,D00,type3,4
1040,2027-11-07,D00,type0,0
1040,2027-11-07,D00,type1,1
1040,2027-11-07,D00,type2,6
1040,2027-11-07,D00,type3,1
1041,2027-11-08,D00,type0,1
1041,2027-11-08,D00,type1,1
1041,2027-11-08,D00,type2,2
1041,2027-11-08,D00,type3,1
1042,2027-11-09,D00,type0,1
1042,2027-11-09,D00,type1,7
1042,2027-11-09,D00,type2,1
1042,2027-11-09,D00,type3,3
1043,2027-11-10,D00,type0,0
1043,2027-11-10,D00,type1,5
1043,2027-11-10,D00,type2,4
1043,2027-11-10,D00,type3,0
1044,2027-11-11,D00,type0,1
1044,2027-11-11,D00,type1,5
1044,2027-11-11,D00,type2,3
1044,2027-11-11,D00,type3,0
1045,2027-11-12,D00,type0,0
1045,2027-11-12,D00,type1,4
1045,2027-11-12,D00,type2,6
1045,2027-11-12,D00,type3,1
1046,2027-11-13,D00,type0,3
1046,2027-11-13,D00,type1,3
1046,2027-11-13,D00,type2,3
1046,2027-11-13,D00,type3,2
1047,2027-11-14,D00,type0,2
1047,2027-11-14,D00,type1,8
1047,2027-11-14,D00,type2,6
1047,2027-11-14,D00,type3,5
1048,2027-11-15,D00,type0,1
1048,2027-11-15,D00,type1,5
1048,2027-11-15,D00,type2,4
1048,2027-11-15,D00,type3,3
1049,2027-11-16,D00,type0,2
1049,2027-11-16,D00,type1,1
1049,2027-11-16,D00,type2,6
1049,2027-11-16,D00,type3,2
1050,2027-11-17,D00,type0,3
1050,2027-11-17,D00,type1,4
1050,2027-11-17,D00,type2,5
1050,2027-11-17,D00,type3,2
1051,2027-11-18,D00,type0,0
1051,2027-11-18,D00,type1,4
1051,2027-11-18,D00,type2,5
1051,2027-11-18,D00,type3,1
1052,2027-11-19,D00,type0,4
1052,2027-11-19,D00,type1,5
1052,2027-11-19,D00,type2,3
1052,2027-11-19,D00,type3,1
1053,2027-11-20,D00,type0,2
1053,2027-11-20,D00,type1,3
1053,2027-11-20,D00,type2,2
1053,2027-11-20,D00,type3,5
1054,2027-11-21,D00,type0,1
1054,2027-11-21,D00,type1,5
1054,2027-11-21,D00,type2,5
1054,2027-11-21,D00,type3,3
1055,2027-11-22,D00,type0,1
1055,2027-11-22,D00,type1,1
1055,2027-11-22,D00,type2,3
1055,2027-11-22,D00,type3,3
1056,2027-11-23,D00,type0,1
1056,2027-11-23,D00,type1,3
1056,2027-11-23,D00,type2,7
1056,2027-11-23,D00,type3,2
1057,2027-11-24,D00,type0,0
1057,2027-11-24,D00,type1,2
1057,2027-11-24,D00,type2,1
1057,2027-11-24,D00,type3,1
1058,2027-11-25,D00,type0,0
1058,2027-11-25,D00,type1,2
1058,2027-11-25,D00,type2,5
1058,2027-11-25,D00,type3,2
1059,2027-11-26,D00,type0,2
1059,2027-11-26,D00,type1,3
1059,2027-11-26,D00,type2,2
1059,2027-11-26,D00,type3,3
1060,2027-11-27,D00,type0,3
1060,2027-11-27,D00,type1,5
1060,2027-11-27,D00,type2,5
1060,2027-11-27,D00,type3,1
1061,2027-11-28,D00,type0,1
1061,2027-11-28,D00,type1,4
1061,2027-11-28,D00,type2,3
1061,2027-11-28,D00,type3,6
1062,2027-11-29,D00,type0,5
1062,2027-11-29,D00,type1,3
1062,2027-11-29,D00,type2,4
1062,2027-11-29,D00,type3,3
1063,2027-11-30,D00,type0,2
1063,2027-11-30,D00,type1,5
1063,2027-11-30,D00,type2,5
1063,2027-11-30,D00,type3,3
1064,2027-12-01,D00,type0,3
1064,2027-12-01,D00,type1,6
1064,2027-12-01,D00,type2,6
1064,2027-12-01,D00,type3,5
1065,2027-12-02,D00,type0,1
1065,2027-12-02,D00,type1,5
1065,2027-12-02,D00,type2,6
1065,2027-12-02,D00,type3,7
1066,2027-12-03,D00,type0,2
1066,2027-12-03,D00,type1,2
1066,2027-12-03,D00,type2,3
1066,2027-12-03,D00,type3,5
1067,2027-12-04,D00,type0,1
1067,2027-12-04,D00,type1,2
1067,2027-12-04,D00,type2,5
1067,2027-12-04,D00,type3,1
1068,2027-12-05,D00,type0,1
1068,2027-12-05,D00,type1,4
1068,2027-12-05,D00,type2,4
1068,2027-12-05,D00,type3,2
1069,2027-12-06,D00,type0,0
1069,2027-12-06,D00,type1,4
1069,2027-12-06,D00,type2,5
1069,2027-12-06,D00,type3,3
1070,2027-12-07,D00,type0,3
1070,2027-12-07,D00,type1,1
1070,2027-12-07,D00,type2,4
1070,2027-12-07,D00,type3,1
1071,2027-12-08,D00,type0,0
1071,2027-12-08,D00,type1,4
1071,2027-12-08,D00,type2,3
1071,2027-12-08,D00,type3,4
1072,2027-12-09,D00,type0,0
1072,2027-12-09,D00,type1,4
1072,2027-12-09,D00,type2,3
1072,2027-12-09,D00,type3,4
1073,2027-12-10,D00,type0,2
1073,2027-12-10,D00,type1,3
1073,2027-12-10,D00,type2,3
1073,2027-12-10,D00,type3,5
1074,2027-12-11,D00,type0,1
1074,2027-12-11,D00,type1,1
1074,2027-12-11,D00,type2,4
1074,2027-12-11,D00,type3,2
1075,2027-12-12,D00,type0,0
1075,2027-12-12,D00,type1,5
1075,2027-12-12,D00,type2,6
1075,2027-12-12,D00,type3,4
1076,2027-12-13,D00,type0,3
1076,2027-12-13,D00,type1,3
1076,2027-12-13,D00,type2,4
1076,2027-12-13,D00,type3,3
1077,2027-12-14,D00,type0,2
1077,2027-12-14,D00,type1,4
1077,2027-12-14,D00,type2,5
1077,2027-12-14,D00,type3,1
1078,2027-12-15,D00,type0,3
1078,2027-12-15,D00,type1,3
1078,2027-12-15,D00,type2,1
1078,2027-12-15,D00,type3,4
1079,2027-12-16,D00,type0,2
1079,2027-12-16,D00,type1,5
1079,2027-12-16,D00,type2,5
1079,2027-12-16,D00,type3,6
1080,2027-12-17,D00,type0,1
1080,2027-12-17,D00,type1,2
1080,2027-12-17,D00,type2,4
1080,2027-12-17,D00,type3,2
1081,2027-12-18,D00,type0,2
1081,2027-12-18,D00,type1,2
1081,2027-12-18,D00,type2,5
1081,2027-12-18,D00,type3,3
1082,2027-12-19,D00,type0,2
1082,2027-12-19,D00,type1,7
1082,2027-12-19,D00,type2,3
1082,2027-12-19,D00,type3,1
1083,2027-12-20,D00,type0,1
1083,2027-12-20,D00,type1,6
1083,2027-12-20,D00,type2,5
1083,2027-12-20,D00,type3,4
1084,2027-12-21,D00,type0,0
1084,2027-12-21,D00,type1,4
1084,2027-12-21,D00,type2,4
1084,2027-12-21,D00,type3,2
1085,2027-12-22,D00,type0,1
1085,2027-12-22,D00,type1,1
1085,2027-12-22,D00,type2,7
1085,2027-12-22,D00,type3,3
1086,2027-12-23,D00,type0,3
1086,2027-12-23,D00,type1,3
1086,2027-12-23,D00,type2,9
1086,2027-12-23,D00,type3,7
1087,2027-12-24,D00,type0,1
1087,2027-12-24,D00,type1,4
1087,2027-12-24,D00,type2,7
1087,2027-12-24,D00,type3,1
1088,2027-12-25,D00,type0,0
1088,2027-12-25,D00,type1,2
1088,2027-12-25,D00,type2,5
1088,2027-12-25,D00,type3,4
1089,2027-12-26,D00,type0,0
1089,2027-12-26,D00,type1,6
1089,2027-12-26,D00,type2,3
1089,2027-12-26,D00,type3,4
1090,2027-12-27,D00,type0,0
1090,2027-12-27,D00,type1,0
1090,2027-12-27,D00,type2,2
1090,2027-12-27,D00,type3,7
1091,2027-12-28,D00,type0,1
1091,2027-12-28,D00,type1,2
1091,2027-12-28,D00,type2,4
1091,2027-12-28,D00,type3,4
1092,2027-12-29,D00,type0,3
1092,2027-12-29,D00,type1,0
1092,2027-12-29,D00,type2,3
1092,2027-12-29,D00,type3,6
1093,2027-12-30,D00,type0,1
1093,2027-12-30,D00,type1,4
1093,2027-12-30,D00,type2,2
1093,2027-12-30,D00,type3,5
1094,2027-12-31,D00,type0,0
1094,2027-12-31,D00,type1,4
1094,2027-12-31,D00,type2,2
1094,2027-12-31,D00,type3,4
1095,2028-01-01,D00,type0,2
1095,2028-01-01,D00,type1,6
1095,2028-01-01,D00,type2,4
1095,2028-01-01,D00,type3,6
1096,2028-01-02,D00,type0,3
1096,2028-01-02,D00,type1,3
1096,2028-01-02,D00,type2,3
1096,2028-01-02,D00,type3,1
1097,2028-01-03,D00,type0,3
1097,2028-01-03,D00,type1,5
1097,2028-01-03,D00,type2,5
1097,2028-01-03,D00,type3,5
1098,2028-01-04,D00,type0,1
1098,2028-01-04,D00,type1,6
1098,2028-01-04,D00,type2,4
1098,2028-01-04,D00,type3,4
1099,2028-01-05,D00,type0,2
1099,2028-01-05,D00,type1,0
1099,2028-01-05,D00,type2,8
1099,2028-01-05,D00,type3,1
1100,2028-01-06,D00,type0,0
1100,2028-01-06,D00,type1,3
1100,2028-01-06,D00,type2,5
1100,2028-01-06,D00,type3,5
1101,2028-01-07,D00,type0,1
1101,2028-01-07,D00,type1,2
1101,2028-01-07,D00,type2,3
1101,2028-01-07,D00,type3,5
1102,2028-01-08,D00,type0,1
1102,2028-01-08,D00,type1,4
1102,2028-01-08,D00,type2,3
1102,2028-01-08,D00,type3,1
1103,2028-01-09,D00,type0,1
1103,2028-01-09,D00,type1,2
1103,2028-01-09,D00,type2,5
1103,2028-01-09,D00,type3,5
1104,2028-01-10,D00,type0,2
1104,2028-01-10,D00,type1,5
1104,2028-01-10,D00,type2,6
1104,2028-01-10,D00,type3,8
1105,2028-01-11,D00,type0,1
1105,2028-01-11,D00,type1,5
1105,2028-01-11,D00,type2,5
1105,2028-01-11,D00,type3,7
1106,2028-01-12,D00,type0,2
1106,2028-01-12,D00,type1,5
1106,2028-01-12,D00,type2,3
1106,2028-01-12,D00,type3,3
1107,2028-01-13,D00,type0,1
1107,2028-01-13,D00,type1,0
1107,2028-01-13,D00,type2,2
1107,2028-01-13,D00,type3,2
1108,2028-01-14,D00,type0,1
1108,2028-01-14,D00,type1,4
1108,2028-01-14,D00,type2,4
1108,2028-01-14,D00,type3,3
1109,2028-01-15,D00,type0,0
1109,2028-01-15,D00,type1,1
1109,2028-01-15,D00,type2,6
1109,2028-01-15,D00,type3,1
1110,2028-01-16,D00,type0,0
1110,2028-01-16,D00,type1,3
1110,2028-01-16,D00,type2,1
1110,2028-01-16,D00,type3,2
1111,2028-01-17,D00,type0,0
1111,2028-01-17,D00,type1,1
1111,2028-01-17,D00,type2,4
1111,2028-01-17,D00,type3,3
1112,2028-01-18,D00,type0,1
1112,2028-01-18,D00,type1,3
1112,2028-01-18,D00,type2,4
1112,2028-01-18,D00,type3,5
1113,2028-01-19,D00,type0,1
1113,2028-01-19,D00,type1,3
1113,2028-01-19,D00,type2,4
1113,2028-01-19,D00,type3,6
1114,2028-01-20,D00,type0,0
1114,2028-01-20,D00,type1,5
1114,2028-01-20,D00,type2,3
1114,2028-01-20,D00,type3,8
1115,2028-01-21,D00,type0,0
1115,2028-01-21,D00,type1,1
1115,2028-01-21,D00,type2,4
1115,2028-01-21,D00,type3,3
1116,2028-01-22,D00,type0,3
1116,2028-01-22,D00,type1,7
1116,2028-01-22,D00,type2,8
1116,2028-01-22,D00,type3,3
1117,2028-01-23,D00,type0,2
1117,2028-01-23,D00,type1,1
1117,2028-01-23,D00,type2,8
1117,2028-01-23,D00,type3,3
1118,2028-01-24,D00,type0,0
1118,2028-01-24,D00,type1,6
1118,2028-01-24,D00,type2,0
1118,2028-01-24,D00,type3,6
1119,2028-01-25,D00,type0,2
1119,2028-01-25,D00,type1,3
1119,2028-01-25,D00,type2,3
1119,2028-01-25,D00,type3,5
1120,2028-01-26,D00,type0,1
1120,2028-01-26,D00,type1,5
1120,2028-01-26,D00,type2,3
1120,2028-01-26,D00,type3,3
1121,2028-01-27,D00,type0,0
1121,2028-01-27,D00,type1,3
1121,2028-01-27,D00,type2,3
1121,2028-01-27,D00,type3,4
1122,2028-01-28,D00,type0,1
1122,2028-01-28,D00,type1,2
1122,2028-01-28,D00,type2,5
1122,2028-01-28,D00,type3,6
1123,2028-01-29,D00,type0,1
1123,2028-01-29,D00,type1,1
1123,2028-01-29,D00,type2,4
1123,2028-01-29,D00,type3,5
1124,2028-01-30,D00,type0,4
1124,2028-01-30,D00,type1,6
1124,2028-01-30,D00,type2,5
1124,2028-01-30,D00,type3,0
1125,2028-01-31,D00,type0,3
1125,2028-01-31,D00,type1,6
1125,2028-01-31,D00,type2,7
1125,2028-01-31,D00,type3,6
1126,2028-02-01,D00,type0,2
1126,2028-02-01,D00,type1,2
1126,2028-02-01,D00,type2,4
1126,2028-02-01,D00,type3,4
1127,2028-02-02,D00,type0,0
1127,2028-02-02,D00,type1,3
1127,2028-02-02,D00,type2,2
1127,2028-02-02,D00,type3,2
1128,2028-02-03,D00,type0,1
1128,2028-02-03,D00,type1,1
1128,2028-02-03,D00,type2,6
1128,2028-02-03,D00,type3,3
1129,2028-02-04,D00,type0,3
1129,2028-02-04,D00,type1,5
1129,2028-02-04,D00,type2,6
1129,2028-02-04,D00,type3,1
1130,2028-02-05,D00,type0,5
1130,2028-02-05,D00,type1,3
1130,2028-02-05,D00,type2,5
1130,2028-02-05,D00,type3,1
1131,2028-02-06,D00,type0,1
1131,2028-02-06,D00,type1,4
1131,2028-02-06,D00,type2,2
1131,2028-02-06,D00,type3,3
1132,2028-02-07,D00,type0,1
1132,2028-02-07,D00,type1,2
1132,2028-02-07,D00,type2,4
1132,2028-02-07,D00,type3,1
1133,2028-02-08,D00,type0,3
1133,2028-02-08,D00,type1,3
1133,2028-02-08,D00,type2,3
1133,2028-02-08,D00,type3,2
1134,2028-02-09,D00,type0,0
1134,2028-02-09,D00,type1,5
1134,2028-02-09,D00,type2,2
1134,2028-02-09,D00,type3,2
1135,2028-02-10,D00,type0,2
1135,2028-02-10,D00,type1,3
1135,2028-02-10,D00,type2,5
1135,2028-02-10,D00,type3,4
1136,2028-02-11,D00,type0,4
1136,2028-02-11,D00,type1,2
1136,2028-02-11,D00,type2,6
1136,2028-02-11,D00,type3,2
1137,2028-02-12,D00,type0,0
1137,2028-02-12,D00,type1,4
1137,2028-02-12,D00,type2,4
1137,2028-02-12,D00,type3,3
1138,2028-02-13,D00,type0,0
1138,2028-02-13,D00,type1,2
1138,2028-02-13,D00,type2,6
1138,2028-02-13,D00,type3,0
1139,2028-02-14,D00,type0,0
1139,2028-02-14,D00,type1,3
1139,2028-02-14,D00,type2,0
1139,2028-02-14,D00,type3,2
1140,2028-02-15,D00,type0,2
1140,2028-02-15,D00,type1,1
1140,2028-02-15,D00,type2,2
1140,2028-02-15,D00,type3,4
1141,2028-02-16,D00,type0,1
1141,2028-02-16,D00,type1,2
1141,2028-02-16,D00,type2,5
1141,2028-02-16,D00,type3,3
1142,2028-02-17,D00,type0,2
1142,2028-02-17,D00,type1,7
1142,2028-02-17,D00,type2,2
1142,2028-02-17,D00,type3,7
1143,2028-02-18,D00,type0,0
1143,2028-02-18,D00,type1,2
1143,2028-02-18,D00,type2,3
1143,2028-02-18,D00,type3,1
1144,2028-02-19,D00,type0,2
1144,2028-02-19,D00,type1,5
1144,2028-02-19,D00,type2,2
1144,2028-02-19,D00,type3,3
1145,2028-02-20,D00,type0,1
1145,2028-02-20,D00,type1,2
1145,2028-02-20,D00,type2,8
1145,2028-02-20,D00,type3,5
1146,2028-02-21,D00,type0,1
1146,2028-02-21,D00,type1,2
1146,2028-02-21,D00,type2,3
1146,2028-02-21,D00,type3,1
1147,2028-02-22,D00,type0,1
1147,2028-02-22,D00,type1,4
1147,2028-02-22,D00,type2,4
1147,2028-02-22,D00,type3,3
1148,2028-02-23,D00,type0,1
1148,2028-02-23,D00,type1,5
1148,2028-02-23,D00,type2,6
1148,2028-02-23,D00,type3,0
1149,2028-02-24,D00,type0,1
1149,2028-02-24,D00,type1,5
1149,2028-02-24,D00,type2,3
1149,2028-02-24,D00,type3,0
1150,2028-02-25,D00,type0,0
1150,2028-02-25,D00,type1,3
1150,2028-02-25,D00,type2,1
1150,2028-02-25,D00,type3,6
1151,2028-02-26,D00,type0,0
1151,2028-02-26,D00,type1,1
1151,2028-02-26,D00,type2,2
1151,2028-02-26,D00,type3,3
1152,2028-02-27,D00,type0,0
1152,2028-02-27,D00,type1,2
1152,2028-02-27,D00,type2,6
1152,2028-02-27,D00,type3,2
1153,2028-02-28,D00,type0,1
1153,2028-02-28,D00,type1,4
1153,2028-02-28,D00,type2,9
1153,2028-02-28,D00,type3,2
1154,2028-02-29,D00,type0,1
1154,2028-02-29,D00,type1,1
1154,2028-02-29,D00,type2,6
1154,2028-02-29,D00,type3,4
1155,2028-03-01,D00,type0,0
1155,2028-03-01,D00,type1,0
1155,2028-03-01,D00,type2,1
1155,2028-03-01,D00,type3,4
1156,2028-03-02,D00,type0,1
1156,2028-03-02,D00,type1,2
1156,2028-03-02,D00,type2,2
1156,2028-03-02,D00,type3,1
1157,2028-03-03,D00,type0,1
1157,2028-03-03,D00,type1,2
1157,2028-03-03,D00,type2,5
1157,2028-03-03,D00,type3,2
1158,2028-03-04,D00,type0,3
1158,2028-03-04,D00,type1,6
1158,2028-03-04,D00,type2,5
1158,2028-03-04,D00,type3,0
1159,2028-03-05,D00,type0,1
1159,2028-03-05,D00,type1,5
1159,2028-03-05,D00,type2,8
1159,2028-03-05,D00,type3,0
1160,2028-03-06,D00,type0,1
1160,2028-03-06,D00,type1,3
1160,2028-03-06,D00,type2,3
1160,2028-03-06,D00,type3,1
1161,2028-03-07,D00,type0,2
1161,2028-03-07,D00,type1,2
1161,2028-03-07,D00,type2,5
1161,2028-03-07,D00,type3,1
1162,2028-03-08,D00,type0,1
1162,2028-03-08,D00,type1,2
1162,2028-03-08,D00,type2,6
1162,2028-03-08,D00,type3,1
1163,2028-03-09,D00,type0,1
1163,2028-03-09,D00,type1,0
1163,2028-03-09,D00,type2,5
1163,2028-03-09,D00,type3,1
1164,2028-03-10,D00,type0,1
1164,2028-03-10,D00,type1,2
1164,2028-03-10,D00,type2,3
1164,2028-03-10,D00,type3,4
1165,2028-03-11,D00,type0,0
1165,2028-03-11,D00,type1,1
1165,2028-03-11,D00,type2,2
1165,2028-03-11,D00,type3,2
1166,2028-03-12,D00,type0,1
1166,2028-03-12,D00,type1,4
1166,2028-03-12,D00,type2,2
1166,2028-03-12,D00,type3,1
1167,2028-03-13,D00,type0,1
1167,2028-03-13,D00,type1,1
1167,2028-03-13,D00,type2,4
1167,2028-03-13,D00,type3,0
1168,2028-03-14,D00,type0,0
1168,2028-03-14,D00,type1,5
1168,2028-03-14,D00,type2,2
1168,2028-03-14,D00,type3,2
1169,2028-03-15,D00,type0,1
1169,2028-03-15,D00,type1,0
1169,2028-03-15,D00,type2,5
1169,2028-03-15,D00,type3,3
1170,2028-03-16,D00,type0,2
1170,2028-03-16,D00,type1,0
1170,2028-03-16,D00,type2,6
1170,2028-03-16,D00,type3,5
1171,2028-03-17,D00,type0,4
1171,2028-03-17,D00,type1,1
1171,2028-03-17,D00,type2,4
1171,2028-03-17,D00,type3,2
1172,2028-03-18,D00,type0,2
1172,2028-03-18,D00,type1,4
1172,2028-03-18,D00,type2,5
1172,2028-03-18,D00,type3,3
1173,2028-03-19,D00,type0,0
1173,2028-03-19,D00,type1,3
1173,2028-03-19,D00,type2,6
1173,2028-03-19,D00,type3,2
1174,2028-03-20,D00,type0,1
1174,2028-03-20,D00,type1,2
1174,2028-03-20,D00,type2,4
1174,2028-03-20,D00,type3,0
1175,2028-03-21,D00,type0,4
1175,2028-03-21,D00,type1,1
1175,2028-03-21,D00,type2,4
1175,2028-03-21,D00,type3,0
1176,2028-03-22,D00,type0,0
1176,2028-03-22,D00,type1,5
1176,2028-03-22,D00,type2,6
1176,2028-03-22,D00,type3,1
1177,2028-03-23,D00,type0,1
1177,2028-03-23,D00,type1,1
1177,2028-03-23,D00,type2,5
1177,2028-03-23,D00,type3,3
1178,2028-03-24,D00,type0,1
1178,2028-03-24,D00,type1,0
1178,2028-03-24,D00,type2,5
1178,2028-03-24,D00,type3,2
1179,2028-03-25,D00,type0,1
1179,2028-03-25,D00,type1,1
1179,2028-03-25,D00,type2,0
1179,2028-03-25,D00,type3,0
1180,2028-03-26,D00,type0,0
1180,2028-03-26,D00,type1,1
1180,2028-03-26,D00,type2,6
1180,2028-03-26,D00,type3,0
1181,2028-03-27,D00,type0,0
1181,2028-03-27,D00,type1,2
1181,2028-03-27,D00,type2,3
1181,2028-03-27,D00,type3,0
1182,2028-03-28,D00,type0,2
1182,2028-03-28,D00,type1,0
1182,2028-03-28,D00,type2,2
1182,2028-03-28,D00,type3,4
1183,2028-03-29,D00,type0,0
1183,2028-03-29,D00,type1,0
1183,2028-03-29,D00,type2,4
1183,2028-03-29,D00,type3,0
1184,2028-03-30,D00,type0,3
1184,2028-03-30,D00,type1,2
1184,2028-03-30,D00,type2,1
1184,2028-03-30,D00,type3,1
1185,2028-03-31,D00,type0,1
1185,2028-03-31,D00,type1,0
1185,2028-03-31,D00,type2,5
1185,2028-03-31,D00,type3,0
1186,2028-04-01,D00,type0,1
1186,2028-04-01,D00,type1,3
1186,2028-04-01,D00,type2,3
1186,2028-04-01,D00,type3,0
1187,2028-04-02,D00,type0,2
1187,2028-04-02,D00,type1,2
1187,2028-04-02,D00,type2,5
1187,2028-04-02,D00,type3,2
1188,2028-04-03,D00,type0,1
1188,2028-04-03,D00,type1,1
1188,2028-04-03,D00,type2,5
1188,2028-04-03,D00,type3,2
1189,2028-04-04,D00,type0,0
1189,2028-04-04,D00,type1,2
1189,2028-04-04,D00,type2,5
1189,2028-04-04,D00,type3,2
1190,2028-04-05,D00,type0,1
1190,2028-04-05,D00,type1,0
1190,2028-04-05,D00,type2,7
1190,2028-04-05,D00,type3,1
1191,2028-04-06,D00,type0,1
1191,2028-04-06,D00,type1,1
1191,2028-04-06,D00,type2,4
1191,2028-04-06,D00,type3,0
1192,2028-04-07,D00,type0,1
1192,2028-04-07,D00,type1,0
1192,2028-04-07,D00,type2,3
1192,2028-04-07,D00,type3,0
1193,2028-04-08,D00,type0,1
1193,2028-04-08,D00,type1,3
1193,2028-04-08,D00,type2,6
1193,2028-04-08,D00,type3,1
1194,2028-04-09,D00,type0,2
1194,2028-04-09,D00,type1,1
1194,2028-04-09,D00,type2,4
1194,2028-04-09,D00,type3,1
1195,2028-04-10,D00,type0,0
1195,2028-04-10,D00,type1,0
1195,2028-04-10,D00,type2,5
1195,2028-04-10,D00,type3,1
1196,2028-04-11,D00,type0,1
1196,2028-04-11,D00,type1,2
1196,2028-04-11,D00,type2,0
1196,2028-04-11,D00,type3,3
1197,2028-04-12,D00,type0,2
1197,2028-04-12,D00,type1,1
1197,2028-04-12,D00,type2,3
1197,2028-04-12,D00,type3,0
1198,2028-04-13,D00,type0,0
1198,2028-04-13,D00,type1,0
1198,2028-04-13,D00,type2,5
1198,2028-04-13,D00,type3,1
1199,2028-04-14,D00,type0,1
1199,2028-04-14,D00,type1,1
1199,2028-04-14,D00,type2,3
1199,2028-04-14,D00,type3,1
1200,2028-04-15,D00,type0,0
1200,2028-04-15,D00,type1,2
1200,2028-04-15,D00,type2,3
1200,2028-04-15,D00,type3,3
1201,2028-04-16,D00,type0,0
1201,2028-04-16,D00,type1,0
1201,2028-04-16,D00,type2,7
1201,2028-04-16,D00,type3,2
1202,2028-04-17,D00,type0,2
1202,2028-04-17,D00,type1,2
1202,2028-04-17,D00,type2,6
1202,2028-04-17,D00,type3,0
1203,2028-04-18,D00,type0,1
1203,2028-04-18,D00,type1,2
1203,2028-04-18,D00,type2,2
1203,2028-04-18,D00,type3,2
1204,2028-04-19,D00,type0,0
1204,2028-04-19,D00,type1,1
1204,2028-04-19,D00,type2,3
1204,2028-04-19,D00,type3,1
1205,2028-04-20,D00,type0,1
1205,2028-04-20,D00,type1,3
1205,2028-04-20,D00,type2,6
1205,2028-04-20,D00,type3,1
1206,2028-04-21,D00,type0,0
1206,2028-04-21,D00,type1,1
1206,2028-04-21,D00,type2,5
1206,2028-04-21,D00,type3,0
1207,2028-04-22,D00,type0,0
1207,2028-04-22,D00,type1,0
1207,2028-04-22,D00,type2,1
1207,2028-04-22,D00,type3,0
1208,2028-04-23,D00,type0,1
1208,2028-04-23,D00,type1,2
1208,2028-04-23,D00,type2,1
1208,2028-04-23,D00,type3,2
1209,2028-04-24,D00,type0,2
1209,2028-04-24,D00,type1,0
1209,2028-04-24,D00,type2,6
1209,2028-04-24,D00,type3,0
1210,2028-04-25,D00,type0,1
1210,2028-04-25,D00,type1,1
1210,2028-04-25,D00,type2,6
1210,2028-04-25,D00,type3,1
1211,2028-04-26,D00,type0,2
1211,2028-04-26,D00,type1,1
1211,2028-04-26,D00,type2,1
1211,2028-04-26,D00,type3,1
1212,2028-04-27,D00,type0,1
1212,2028-04-27,D00,type1,2
1212,2028-04-27,D00,type2,5
1212,2028-04-27,D00,type3,0
1213,2028-04-28,D00,type0,1
1213,2028-04-28,D00,type1,0
1213,2028-04-28,D00,type2,1
1213,2028-04-28,D00,type3,3
1214,2028-04-29,D00,type0,0
1214,2028-04-29,D00,type1,0
1214,2028-04-29,D00,type2,3
1214,2028-04-29,D00,type3,1
1215,2028-04-30,D00,type0,4
1215,2028-04-30,D00,type1,2
1215,2028-04-30,D00,type2,4
1215,2028-04-30,D00,type3,1
1216,2028-05-01,D00,type0,2
1216,2028-05-01,D00,type1,2
1216,2028-05-01,D00,type2,5
1216,2028-05-01,D00,type3,2
1217,2028-05-02,D00,type0,0
1217,2028-05-02,D00,type1,2
1217,2028-05-02,D00,type2,4
1217,2028-05-02,D00,type3,0
1218,2028-05-03,D00,type0,1
1218,2028-05-03,D00,type1,3
1218,2028-05-03,D00,type2,5
1218,2028-05-03,D00,type3,2
1219,2028-05-04,D00,type0,2
1219,2028-05-04,D00,type1,0
1219,2028-05-04,D00,type2,0
1219,2028-05-04,D00,type3,1
1220,2028-05-05,D00,type0,2
1220,2028-05-05,D00,type1,2
1220,2028-05-05,D00,type2,5
1220,2028-05-05,D00,type3,0
1221,2028-05-06,D00,type0,2
1221,2028-05-06,D00,type1,0
1221,2028-05-06,D00,type2,8
1221,2028-05-06,D00,type3,2
1222,2028-05-07,D00,type0,2
1222,2028-05-07,D00,type1,4
1222,2028-05-07,D00,type2,6
1222,2028-05-07,D00,type3,4
1223,2028-05-08,D00,type0,0
1223,2028-05-08,D00,type1,5
1223,2028-05-08,D00,type2,4
1223,2028-05-08,D00,type3,2
1224,2028-05-09,D00,type0,2
1224,2028-05-09,D00,type1,1
1224,2028-05-09,D00,type2,5
1224,2028-05-09,D00,type3,0
1225,2028-05-10,D00,type0,1
1225,2028-05-10,D00,type1,3
1225,2028-05-10,D00,type2,1
1225,2028-05-10,D00,type3,0
1226,2028-05-11,D00,type0,1
1226,2028-05-11,D00,type1,1
1226,2028-05-11,D00,type2,6
1226,2028-05-11,D00,type3,0
1227,2028-05-12,D00,type0,0
1227,2028-05-12,D00,type1,2
1227,2028-05-12,D00,type2,5
1227,2028-05-12,D00,type3,3
1228,2028-05-13,D00,type0,0
1228,2028-05-13,D00,type1,2
1228,2028-05-13,D00,type2,5
1228,2028-05-13,D00,type3,1
1229,2028-05-14,D00,type0,1
1229,2028-05-14,D00,type1,2
1229,2028-05-14,D00,type2,4
1229,2028-05-14,D00,type3,1
1230,2028-05-15,D00,type0,1
1230,2028-05-15,D00,type1,0
1230,2028-05-15,D00,type2,4
1230,2028-05-15,D00,type3,0
1231,2028-05-16,D00,type0,1
1231,2028-05-16,D00,type1,1
1231,2028-05-16,D00,type2,4
1231,2028-05-16,D00,type3,0
1232,2028-05-17,D00,type0,3
1232,2028-05-17,D00,type1,3
1232,2028-05-17,D00,type2,6
1232,2028-05-17,D00,type3,0
1233,2028-05-18,D00,type0,2
1233,2028-05-18,D00,type1,4
1233,2028-05-18,D00,type2,3
1233,2028-05-18,D00,type3,3
1234,2028-05-19,D00,type0,0
1234,2028-05-19,D00,type1,1
1234,2028-05-19,D00,type2,6
1234,2028-05-19,D00,type3,3
1235,2028-05-20,D00,type0,0
1235,2028-05-20,D00,type1,4
1235,2028-05-20,D00,type2,1
1235,2028-05-20,D00,type3,2
1236,2028-05-21,D00,type0,4
1236,2028-05-21,D00,type1,1
1236,2028-05-21,D00,type2,2
1236,2028-05-21,D00,type3,2
1237,2028-05-22,D00,type0,1
1237,2028-05-22,D00,type1,1
1237,2028-05-22,D00,type2,1
1237,2028-05-22,D00,type3,2
1238,2028-05-23,D00,type0,3
1238,2028-05-23,D00,type1,0
1238,2028-05-23,D00,type2,4
1238,2028-05-23,D00,type3,1
1239,2028-05-24,D00,type0,3
1239,2028-05-24,D00,type1,1
1239,2028-05-24,D00,type2,7
1239,2028-05-24,D00,type3,0
1240,2028-05-25,D00,type0,3
1240,2028-05-25,D00,type1,1
1240,2028-05-25,D00,type2,3
1240,2028-05-25,D00,type3,0
1241,2028-05-26,D00,type0,2
1241,2028-05-26,D00,type1,0
1241,2028-05-26,D00,type2,2
1241,2028-05-26,D00,type3,2
1242,2028-05-27,D00,type0,2
1242,2028-05-27,D00,type1,1
1242,2028-05-27,D00,type2,5
1242,2028-05-27,D00,type3,0
1243,2028-05-28,D00,type0,1
1243,2028-05-28,D00,type1,2
1243,2028-05-28,D00,type2,6
1243,2028-05-28,D00,type3,1
1244,2028-05-29,D00,type0,3
1244,2028-05-29,D00,type1,5
1244,2028-05-29,D00,type2,2
1244,2028-05-29,D00,type3,0
1245,2028-05-30,D00,type0,2
1245,2028-05-30,D00,type1,5
1245,2028-05-30,D00,type2,5
1245,2028-05-30,D00,type3,3
1246,2028-05-31,D00,type0,1
1246,2028-05-31,D00,type1,1
1246,2028-05-31,D00,type2,5
1246,2028-05-31,D00,type3,0
1247,2028-06-01,D00,type0,1
1247,2028-06-01,D00,type1,1
1247,2028-06-01,D00,type2,1
1247,2028-06-01,D00,type3,1
1248,2028-06-02,D00,type0,2
1248,2028-06-02,D00,type1,4
1248,2028-06-02,D00,type2,3
1248,2028-06-02,D00,type3,0
1249,2028-06-03,D00,type0,0
1249,2028-06-03,D00,type1,3
1249,2028-06-03,D00,type2,11
1249,2028-06-03,D00,type3,0
1250,2028-06-04,D00,type0,0
1250,2028-06-04,D00,type1,2
1250,2028-06-04,D00,type2,2
1250,2028-06-04,D00,type3,1
1251,2028-06-05,D00,type0,1
1251,2028-06-05,D00,type1,0
1251,2028-06-05,D00,type2,12
1251,2028-06-05,D00,type3,0
1252,2028-06-06,D00,type0,1
1252,2028-06-06,D00,type1,0
1252,2028-06-06,D00,type2,6
1252,2028-06-06,D00,type3,0
1253,2028-06-07,D00,type0,0
1253,2028-06-07,D00,type1,0
1253,2028-06-07,D00,type2,4
1253,2028-06-07,D00,type3,1
1254,2028-06-08,D00,type0,0
1254,2028-06-08,D00,type1,1
1254,2028-06-08,D00,type2,4
1254,2028-06-08,D00,type3,0
1255,2028-06-09,D00,type0,0
1255,2028-06-09,D00,type1,6
1255,2028-06-09,D00,type2,4
1255,2028-06-09,D00,type3,2
1256,2028-06-10,D00,type0,2
1256,2028-06-10,D00,type1,1
1256,2028-06-10,D00,type2,5
1256,2028-06-10,D00,type3,3
1257,2028-06-11,D00,type0,1
1257,2028-06-11,D00,type1,1
1257,2028-06-11,D00,type2,1
1257,2028-06-11,D00,type3,0
1258,2028-06-12,D00,type0,2
1258,2028-06-12,D00,type1,4
1258,2028-06-12,D00,type2,3
1258,2028-06-12,D00,type3,1
1259,2028-06-13,D00,type0,1
1259,2028-06-13,D00,type1,0
1259,2028-06-13,D00,type2,2
1259,2028-06-13,D00,type3,0
1260,2028-06-14,D00,type0,3
1260,2028-06-14,D00,type1,2
1260,2028-06-14,D00,type2,6
1260,2028-06-14,D00,type3,0
1261,2028-06-15,D00,type0,2
1261,2028-06-15,D00,type1,3
1261,2028-06-15,D00,type2,5
1261,2028-06-15,D00,type3,1
1262,2028-06-16,D00,type0,2
1262,2028-06-16,D00,type1,4
1262,2028-06-16,D00,type2,3
1262,2028-06-16,D00,type3,2
1263,2028-06-17,D00,type0,0
1263,2028-06-17,D00,type1,1
1263,2028-06-17,D00,type2,5
1263,2028-06-17,D00,type3,1
1264,2028-06-18,D00,type0,1
1264,2028-06-18,D00,type1,1
1264,2028-06-18,D00,type2,6
1264,2028-06-18,D00,type3,0
1265,2028-06-19,D00,type0,1
1265,2028-06-19,D00,type1,3
1265,2028-06-19,D00,type2,3
1265,2028-06-19,D00,type3,1
1266,2028-06-20,D00,type0,2
1266,2028-06-20,D00,type1,1
1266,2028-06-20,D00,type2,5
1266,2028-06-20,D00,type3,2
1267,2028-06-21,D00,type0,1
1267,2028-06-21,D00,type1,2
1267,2028-06-21,D00,type2,7
1267,2028-06-21,D00,type3,0
1268,2028-06-22,D00,type0,1
1268,2028-06-22,D00,type1,2
1268,2028-06-22,D00,type2,6
1268,2028-06-22,D00,type3,0
1269,2028-06-23,D00,type0,4
1269,2028-06-23,D00,type1,4
1269,2028-06-23,D00,type2,8
1269,2028-06-23,D00,type3,0
1270,2028-06-24,D00,type0,2
1270,2028-06-24,D00,type1,3
1270,2028-06-24,D00,type2,5
1270,2028-06-24,D00,type3,0
1271,2028-06-25,D00,type0,1
1271,2028-06-25,D00,type1,7
1271,2028-06-25,D00,type2,8
1271,2028-06-25,D00,type3,2
1272,2028-06-26,D00,type0,3
1272,2028-06-26,D00,type1,1
1272,2028-06-26,D00,type2,8
1272,2028-06-26,D00,type3,0
1273,2028-06-27,D00,type0,4
1273,2028-06-27,D00,type1,4
1273,2028-06-27,D00,type2,7
1273,2028-06-27,D00,type3,1
1274,2028-06-28,D00,type0,1
1274,2028-06-28,D00,type1,3
1274,2028-06-28,D00,type2,4
1274,2028-06-28,D00,type3,0
1275,2028-06-29,D00,type0,2
1275,2028-06-29,D00,type1,2
1275,2028-06-29,D00,type2,8
1275,2028-06-29,D00,type3,2
1276,2028-06-30,D00,type0,2
1276,2028-06-30,D00,type1,3
1276,2028-06-30,D00,type2,7
1276,2028-06-30,D00,type3,1
1277,2028-07-01,D00,type0,1
1277,2028-07-01,D00,type1,2
1277,2028-07-01,D00,type2,5
1277,2028-07-01,D00,type3,0
1278,2028-07-02,D00,type0,1
1278,2028-07-02,D00,type1,1
1278,2028-07-02,D00,type2,2
1278,2028-07-02,D00,type3,0
1279,2028-07-03,D00,type0,0
1279,2028-07-03,D00,type1,5
1279,2028-07-03,D00,type2,8
1279,2028-07-03,D00,type3,2
1280,2028-07-04,D00,type0,0
1280,2028-07-04,D00,type1,6
1280,2028-07-04,D00,type2,5
1280,2028-07-04,D00,type3,1
1281,2028-07-05,D00,type0,3
1281,2028-07-05,D00,type1,3
1281,2028-07-05,D00,type2,9
1281,2028-07-05,D00,type3,4
1282,2028-07-06,D00,type0,2
1282,2028-07-06,D00,type1,2
1282,2028-07-06,D00,type2,7
1282,2028-07-06,D00,type3,2
1283,2028-07-07,D00,type0,1
1283,2028-07-07,D00,type1,5
1283,2028-07-07,D00,type2,8
1283,2028-07-07,D00,type3,1
1284,2028-07-08,D00,type0,0
1284,2028-07-08,D00,type1,2
1284,2028-07-08,D00,type2,8
1284,2028-07-08,D00,type3,3
1285,2028-07-09,D00,type0,1
1285,2028-07-09,D00,type1,3
1285,2028-07-09,D00,type2,6
1285,2028-07-09,D00,type3,2
1286,2028-07-10,D00,type0,0
1286,2028-07-10,D00,type1,1
1286,2028-07-10,D00,type2,7
1286,2028-07-10,D00,type3,1
1287,2028-07-11,D00,type0,1
1287,2028-07-11,D00,type1,1
1287,2028-07-11,D00,type2,5
1287,2028-07-11,D00,type3,2
1288,2028-07-12,D00,type0,2
1288,2028-07-12,D00,type1,2
1288,2028-07-12,D00,type2,7
1288,2028-07-12,D00,type3,0
1289,2028-07-13,D00,type0,1
1289,2028-07-13,D00,type1,2
1289,2028-07-13,D00,type2,14
1289,2028-07-13,D00,type3,3
1290,2028-07-14,D00,type0,0
1290,2028-07-14,D00,type1,4
1290,2028-07-14,D00,type2,7
1290,2028-07-14,D00,type3,2
1291,2028-07-15,D00,type0,0
1291,2028-07-15,D00,type1,1
1291,2028-07-15,D00,type2,6
1291,2028-07-15,D00,type3,1
1292,2028-07-16,D00,type0,0
1292,2028-07-16,D00,type1,5
1292,2028-07-16,D00,type2,9
1292,2028-07-16,D00,type3,0
1293,2028-07-17,D00,type0,1
1293,2028-07-17,D00,type1,6
1293,2028-07-17,D00,type2,7
1293,2028-07-17,D00,type3,1
1294,2028-07-18,D00,type0,2
1294,2028-07-18,D00,type1,3
1294,2028-07-18,D00,type2,6
1294,2028-07-18,D00,type3,2
1295,2028-07-19,D00,type0,0
1295,2028-07-19,D00,type1,2
1295,2028-07-19,D00,type2,11
1295,2028-07-19,D00,type3,0
1296,2028-07-20,D00,type0,1
1296,2028-07-20,D00,type1,5
1296,2028-07-20,D00,type2,8
1296,2028-07-20,D00,type3,1
1297,2028-07-21,D00,type0,1
1297,2028-07-21,D00,type1,4
1297,2028-07-21,D00,type2,5
1297,2028-07-21,D00,type3,0
1298,2028-07-22,D00,type0,1
1298,2028-07-22,D00,type1,3
1298,2028-07-22,D00,type2,10
1298,2028-07-22,D00,type3,1
1299,2028-07-23,D00,type0,0
1299,2028-07-23,D00,type1,7
1299,2028-07-23,D00,type2,12
1299,2028-07-23,D00,type3,1
1300,2028-07-24,D00,type0,0
1300,2028-07-24,D00,type1,3
1300,2028-07-24,D00,type2,14
1300,2028-07-24,D00,type3,3
1301,2028-07-25,D00,type0,2
1301,2028-07-25,D00,type1,3
1301,2028-07-25,D00,type2,10
1301,2028-07-25,D00,type3,1
1302,2028-07-26,D00,type0,1
1302,2028-07-26,D00,type1,3
1302,2028-07-26,D00,type2,10
1302,2028-07-26,D00,type3,1
1303,2028-07-27,D00,type0,2
1303,2028-07-27,D00,type1,2
1303,2028-07-27,D00,type2,5
1303,2028-07-27,D00,type3,1
1304,2028-07-28,D00,type0,0
1304,2028-07-28,D00,type1,3
1304,2028-07-28,D00,type2,5
1304,2028-07-28,D00,type3,0
1305,2028-07-29,D00,type0,3
1305,2028-07-29,D00,type1,2
1305,2028-07-29,D00,type2,12
1305,2028-07-29,D00,type3,0
1306,2028-07-30,D00,type0,0
1306,2028-07-30,D00,type1,4
1306,2028-07-30,D00,type2,11
1306,2028-07-30,D00,type3,0
1307,2028-07-31,D00,type0,0
1307,2028-07-31,D00,type1,5
1307,2028-07-31,D00,type2,10
1307,2028-07-31,D00,type3,1
1308,2028-08-01,D00,type0,1
1308,2028-08-01,D00,type1,1
1308,2028-08-01,D00,type2,6
1308,2028-08-01,D00,type3,1
1309,2028-08-02,D00,type0,2
1309,2028-08-02,D00,type1,3
1309,2028-08-02,D00,type2,11
1309,2028-08-02,D00,type3,2
1310,2028-08-03,D00,type0,3
1310,2028-08-03,D00,type1,4
1310,2028-08-03,D00,type2,7
1310,2028-08-03,D00,type3,0
1311,2028-08-04,D00,type0,3
1311,2028-08-04,D00,type1,2
1311,2028-08-04,D00,type2,11
1311,2028-08-04,D00,type3,1
1312,2028-08-05,D00,type0,2
1312,2028-08-05,D00,type1,2
1312,2028-08-05,D00,type2,8
1312,2028-08-05,D00,type3,2
1313,2028-08-06,D00,type0,3
1313,2028-08-06,D00,type1,2
1313,2028-08-06,D00,type2,8
1313,2028-08-06,D00,type3,2
1314,2028-08-07,D00,type0,1
1314,2028-08-07,D00,type1,3
1314,2028-08-07,D00,type2,8
1314,2028-08-07,D00,type3,2
1315,2028-08-08,D00,type0,1
1315,2028-08-08,D00,type1,2
1315,2028-08-08,D00,type2,10
1315,2028-08-08,D00,type3,0
1316,2028-08-09,D00,type0,1
1316,2028-08-09,D00,type1,2
1316,2028-08-09,D00,type2,7
1316,2028-08-09,D00,type3,1
1317,2028-08-10,D00,type0,1
1317,2028-08-10,D00,type1,1
1317,2028-08-10,D00,type2,9
1317,2028-08-10,D00,type3,3
1318,2028-08-11,D00,type0,1
1318,2028-08-11,D00,type1,3
1318,2028-08-11,D00,type2,11
1318,2028-08-11,D00,type3,4
1319,2028-08-12,D00,type0,1
1319,2028-08-12,D00,type1,0
1319,2028-08-12,D00,type2,8
1319,2028-08-12,D00,type3,2
1320,2028-08-13,D00,type0,1
1320,2028-08-13,D00,type1,7
1320,2028-08-13,D00,type2,10
1320,2028-08-13,D00,type3,2
1321,2028-08-14,D00,type0,0
1321,2028-08-14,D00,type1,1
1321,2028-08-14,D00,type2,8
1321,2028-08-14,D00,type3,0
1322,2028-08-15,D00,type0,1
1322,2028-08-15,D00,type1,3
1322,2028-08-15,D00,type2,6
1322,2028-08-15,D00,type3,0
1323,2028-08-16,D00,type0,1
1323,2028-08-16,D00,type1,3
1323,2028-08-16,D00,type2,5
1323,2028-08-16,D00,type3,0
1324,2028-08-17,D00,type0,3
1324,2028-08-17,D00,type1,4
1324,2028-08-17,D00,type2,8
1324,2028-08-17,D00,type3,1
1325,2028-08-18,D00,type0,3
1325,2028-08-18,D00,type1,3
1325,2028-08-18,D00,type2,11
1325,2028-08-18,D00,type3,1
1326,2028-08-19,D00,type0,1
1326,2028-08-19,D00,type1,0
1326,2028-08-19,D00,type2,10
1326,2028-08-19,D00,type3,1
1327,2028-08-20,D00,type0,1
1327,2028-08-20,D00,type1,0
1327,2028-08-20,D00,type2,10
1327,2028-08-20,D00,type3,2
1328,2028-08-21,D00,type0,2
1328,2028-08-21,D00,type1,6
1328,2028-08-21,D00,type2,7
1328,2028-08-21,D00,type3,1
1329,2028-08-22,D00,type0,2
1329,2028-08-22,D00,type1,2
1329,2028-08-22,D00,type2,6
1329,2028-08-22,D00,type3,1
1330,2028-08-23,D00,type0,0
1330,2028-08-23,D00,type1,1
1330,2028-08-23,D00,type2,5
1330,2028-08-23,D00,type3,0
1331,2028-08-24,D00,type0,0
1331,2028-08-24,D00,type1,0
1331,2028-08-24,D00,type2,10
1331,2028-08-24,D00,type3,0
1332,2028-08-25,D00,type0,2
1332,2028-08-25,D00,type1,1
1332,2028-08-25,D00,type2,8
1332,2028-08-25,D00,type3,0
1333,2028-08-26,D00,type0,1
1333,2028-08-26,D00,type1,1
1333,2028-08-26,D00,type2,7
1333,2028-08-26,D00,type3,1
1334,2028-08-27,D00,type0,1
1334,2028-08-27,D00,type1,0
1334,2028-08-27,D00,type2,3
1334,2028-08-27,D00,type3,1
1335,2028-08-28,D00,type0,0
1335,2028-08-28,D00,type1,5
1335,2028-08-28,D00,type2,4
1335,2028-08-28,D00,type3,0
1336,2028-08-29,D00,type0,2
1336,2028-08-29,D00,type1,1
1336,2028-08-29,D00,type2,4
1336,2028-08-29,D00,type3,0
1337,2028-08-30,D00,type0,0
1337,2028-08-30,D00,type1,3
1337,2028-08-30,D00,type2,10
1337,2028-08-30,D00,type3,1
1338,2028-08-31,D00,type0,1
1338,2028-08-31,D00,type1,3
1338,2028-08-31,D00,type2,9
1338,2028-08-31,D00,type3,0
1339,2028-09-01,D00,type0,2
1339,2028-09-01,D00,type1,0
1339,2028-09-01,D00,type2,6
1339,2028-09-01,D00,type3,2
1340,2028-09-02,D00,type0,2
1340,2028-09-02,D00,type1,2
1340,2028-09-02,D00,type2,4
1340,2028-09-02,D00,type3,3
1341,2028-09-03,D00,type0,2
1341,2028-09-03,D00,type1,1
1341,2028-09-03,D00,type2,2
1341,2028-09-03,D00,type3,0
1342,2028-09-04,D00,type0,0
1342,2028-09-04,D00,type1,0
1342,2028-09-04,D00,type2,7
1342,2028-09-04,D00,type3,1
1343,2028-09-05,D00,type0,2
1343,2028-09-05,D00,type1,2
1343,2028-09-05,D00,type2,8
1343,2028-09-05,D00,type3,1
1344,2028-09-06,D00,type0,0
1344,2028-09-06,D00,type1,0
1344,2028-09-06,D00,type2,4
1344,2028-09-06,D00,type3,2
1345,2028-09-07,D00,type0,3
1345,2028-09-07,D00,type1,0
1345,2028-09-07,D00,type2,4
1345,2028-09-07,D00,type3,0
1346,2028-09-08,D00,type0,0
1346,2028-09-08,D00,type1,2
1346,2028-09-08,D00,type2,3
1346,2028-09-08,D00,type3,0
1347,2028-09-09,D00,type0,1
1347,2028-09-09,D00,type1,2
1347,2028-09-09,D00,type2,6
1347,2028-09-09,D00,type3,1
1348,2028-09-10,D00,type0,0
1348,2028-09-10,D00,type1,1
1348,2028-09-10,D00,type2,2
1348,2028-09-10,D00,type3,0
1349,2028-09-11,D00,type0,0
1349,2028-09-11,D00,type1,1
1349,2028-09-11,D00,type2,7
1349,2028-09-11,D00,type3,3
1350,2028-09-12,D00,type0,3
1350,2028-09-12,D00,type1,1
1350,2028-09-12,D00,type2,4
1350,2028-09-12,D00,type3,4
1351,2028-09-13,D00,type0,1
1351,2028-09-13,D00,type1,4
1351,2028-09-13,D00,type2,3
1351,2028-09-13,D00,type3,1
1352,2028-09-14,D00,type0,1
1352,2028-09-14,D00,type1,2
1352,2028-09-14,D00,type2,4
1352,2028-09-14,D00,type3,0
1353,2028-09-15,D00,type0,0
1353,2028-09-15,D00,type1,1
1353,2028-09-15,D00,type2,5
1353,2028-09-15,D00,type3,0
1354,2028-09-16,D00,type0,3
1354,2028-09-16,D00,type1,1
1354,2028-09-16,D00,type2,4
1354,2028-09-16,D00,type3,2
1355,2028-09-17,D00,type0,2
1355,2028-09-17,D00,type1,2
1355,2028-09-17,D00,type2,5
1355,2028-09-17,D00,type3,1
1356,2028-09-18,D00,type0,1
1356,2028-09-18,D00,type1,2
1356,2028-09-18,D00,type2,3
1356,2028-09-18,D00,type3,1
1357,2028-09-19,D00,type0,1
1357,2028-09-19,D00,type1,1
1357,2028-09-19,D00,type2,3
1357,2028-09-19,D00,type3,0
1358,2028-09-20,D00,type0,0
1358,2028-09-20,D00,type1,0
1358,2028-09-20,D00,type2,9
1358,2028-09-20,D00,type3,1
1359,2028-09-21,D00,type0,0
1359,2028-09-21,D00,type1,0
1359,2028-09-21,D00,type2,2
1359,2028-09-21,D00,type3,1
1360,2028-09-22,D00,type0,1
1360,2028-09-22,D00,type1,1
1360,2028-09-22,D00,type2,7
1360,2028-09-22,D00,type3,0
1361,2028-09-23,D00,type0,2
1361,2028-09-23,D00,type1,2
1361,2028-09-23,D00,type2,3
1361,2028-09-23,D00,type3,0
1362,2028-09-24,D00,type0,0
1362,2028-09-24,D00,type1,2
1362,2028-09-24,D00,type2,5
1362,2028-09-24,D00,type3,3
1363,2028-09-25,D00,type0,1
1363,2028-09-25,D00,type1,0
1363,2028-09-25,D00,type2,3
1363,2028-09-25,D00,type3,3
1364,2028-09-26,D00,type0,2
1364,2028-09-26,D00,type1,0
1364,2028-09-26,D00,type2,2
1364,2028-09-26,D00,type3,1
1365,2028-09-27,D00,type0,2
1365,2028-09-27,D00,type1,2
1365,2028-09-27,D00,type2,4
1365,2028-09-27,D00,type3,0
1366,2028-09-28,D00,type0,1
1366,2028-09-28,D00,type1,0
1366,2028-09-28,D00,type2,5
1366,2028-09-28,D00,type3,0
1367,2028-09-29,D00,type0,0
1367,2028-09-29,D00,type1,2
1367,2028-09-29,D00,type2,6
1367,2028-09-29,D00,type3,0
1368,2028-09-30,D00,type0,0
1368,2028-09-30,D00,type1,0
1368,2028-09-30,D00,type2,1
1368,2028-09-30,D00,type3,1
1369,2028-10-01,D00,type0,2
1369,2028-10-01,D00,type1,3
1369,2028-10-01,D00,type2,5
1369,2028-10-01,D00,type3,2
1370,2028-10-02,D00,type0,0
1370,2028-10-02,D00,type1,1
1370,2028-10-02,D00,type2,4
1370,2028-10-02,D00,type3,1
1371,2028-10-03,D00,type0,1
1371,2028-10-03,D00,type1,2
1371,2028-10-03,D00,type2,1
1371,2028-10-03,D00,type3,1
1372,2028-10-04,D00,type0,0
1372,2028-10-04,D00,type1,1
1372,2028-10-04,D00,type2,6
1372,2028-10-04,D00,type3,0
1373,2028-10-05,D00,type0,3
1373,2028-10-05,D00,type1,2
1373,2028-10-05,D00,type2,3
1373,2028-10-05,D00,type3,0
1374,2028-10-06,D00,type0,1
1374,2028-10-06,D00,type1,2
1374,2028-10-06,D00,type2,6
1374,2028-10-06,D00,type3,1
1375,2028-10-07,D00,type0,0
1375,2028-10-07,D00,type1,1
1375,2028-10-07,D00,type2,5
1375,2028-10-07,D00,type3,0
1376,2028-10-08,D00,type0,0
1376,2028-10-08,D00,type1,2
1376,2028-10-08,D00,type2,5
1376,2028-10-08,D00,type3,0
1377,2028-10-09,D00,type0,3
1377,2028-10-09,D00,type1,0
1377,2028-10-09,D00,type2,6
1377,2028-10-09,D00,type3,0
1378,2028-10-10,D00,type0,1
1378,2028-10-10,D00,type1,3
1378,2028-10-10,D00,type2,3
1378,2028-10-10,D00,type3,2
1379,2028-10-11,D00,type0,0
1379,2028-10-11,D00,type1,0
1379,2028-10-11,D00,type2,3
1379,2028-10-11,D00,type3,0
1380,2028-10-12,D00,type0,1
1380,2028-10-12,D00,type1,1
1380,2028-10-12,D00,type2,2
1380,2028-10-12,D00,type3,2
1381,2028-10-13,D00,type0,2
1381,2028-10-13,D00,type1,2
1381,2028-10-13,D00,type2,6
1381,2028-10-13,D00,type3,1
1382,2028-10-14,D00,type0,2
1382,2028-10-14,D00,type1,3
1382,2028-10-14,D00,type2,2
1382,2028-10-14,D00,type3,1
1383,2028-10-15,D00,type0,0
1383,2028-10-15,D00,type1,1
1383,2028-10-15,D00,type2,1
1383,2028-10-15,D00,type3,2
1384,2028-10-16,D00,type0,2
1384,2028-10-16,D00,type1,3
1384,2028-10-16,D00,type2,3
1384,2028-10-16,D00,type3,2
1385,2028-10-17,D00,type0,0
1385,2028-10-17,D00,type1,3
1385,2028-10-17,D00,type2,2
1385,2028-10-17,D00,type3,1
1386,2028-10-18,D00,type0,2
1386,2028-10-18,D00,type1,3
1386,2028-10-18,D00,type2,2
1386,2028-10-18,D00,type3,1
1387,2028-10-19,D00,type0,1
1387,2028-10-19,D00,type1,3
1387,2028-10-19,D00,type2,6
1387,2028-10-19,D00,type3,1
1388,2028-10-20,D00,type0,2
1388,2028-10-20,D00,type1,1
1388,2028-10-20,D00,type2,4
1388,2028-10-20,D00,type3,3
1389,2028-10-21,D00,type0,1
1389,2028-10-21,D00,type1,5
1389,2028-10-21,D00,type2,5
1389,2028-10-21,D00,type3,1
1390,2028-10-22,D00,type0,1
1390,2028-10-22,D00,type1,3
1390,2028-10-22,D00,type2,4
1390,2028-10-22,D00,type3,0
1391,2028-10-23,D00,type0,1
1391,2028-10-23,D00,type1,1
1391,2028-10-23,D00,type2,5
1391,2028-10-23,D00,type3,1
1392,2028-10-24,D00,type0,3
1392,2028-10-24,D00,type1,0
1392,2028-10-24,D00,type2,3
1392,2028-10-24,D00,type3,1
1393,2028-10-25,D00,type0,1
1393,2028-10-25,D00,type1,2
1393,2028-10-25,D00,type2,3
1393,2028-10-25,D00,type3,0
1394,2028-10-26,D00,type0,2
1394,2028-10-26,D00,type1,3
1394,2028-10-26,D00,type2,7
1394,2028-10-26,D00,type3,2
1395,2028-10-27,D00,type0,1
1395,2028-10-27,D00,type1,2
1395,2028-10-27,D00,type2,3
1395,2028-10-27,D00,type3,2
1396,2028-10-28,D00,type0,0
1396,2028-10-28,D00,type1,1
1396,2028-10-28,D00,type2,8
1396,2028-10-28,D00,type3,1
1397,2028-10-29,D00,type0,0
1397,2028-10-29,D00,type1,5
1397,2028-10-29,D00,type2,1
1397,2028-10-29,D00,type3,3
1398,2028-10-30,D00,type0,0
1398,2028-10-30,D00,type1,4
1398,2028-10-30,D00,type2,3
1398,2028-10-30,D00,type3,1
1399,2028-10-31,D00,type0,1
1399,2028-10-31,D00,type1,4
1399,2028-10-31,D00,type2,4
1399,2028-10-31,D00,type3,1
1400,2028-11-01,D00,type0,3
1400,2028-11-01,D00,type1,1
1400,2028-11-01,D00,type2,3
1400,2028-11-01,D00,type3,2
1401,2028-11-02,D00,type0,2
1401,2028-11-02,D00,type1,7
1401,2028-11-02,D00,type2,3
1401,2028-11-02,D00,type3,3
1402,2028-11-03,D00,type0,1
1402,2028-11-03,D00,type1,3
1402,2028-11-03,D00,type2,4
1402,2028-11-03,D00,type3,3
1403,2028-11-04,D00,type0,3
1403,2028-11-04,D00,type1,3
1403,2028-11-04,D00,type2,4
1403,2028-11-04,D00,type3,0
1404,2028-11-05,D00,type0,2
1404,2028-11-05,D00,type1,1
1404,2028-11-05,D00,type2,5
1404,2028-11-05,D00,type3,2
1405,2028-11-06,D00,type0,2
1405,2028-11-06,D00,type1,2
1405,2028-11-06,D00,type2,10
1405,2028-11-06,D00,type3,0
1406,2028-11-07,D00,type0,2
1406,2028-11-07,D00,type1,1
1406,2028-11-07,D00,type2,6
1406,2028-11-07,D00,type3,1
1407,2028-11-08,D00,type0,1
1407,2028-11-08,D00,type1,0
1407,2028-11-08,D00,type2,4
1407,2028-11-08,D00,type3,1
1408,2028-11-09,D00,type0,1
1408,2028-11-09,D00,type1,2
1408,2028-11-09,D00,type2,2
1408,2028-11-09,D00,type3,3
1409,2028-11-10,D00,type0,0
1409,2028-11-10,D00,type1,3
1409,2028-11-10,D00,type2,4
1409,2028-11-10,D00,type3,3
1410,2028-11-11,D00,type0,1
1410,2028-11-11,D00,type1,1
1410,2028-11-11,D00,type2,5
1410,2028-11-11,D00,type3,3
1411,2028-11-12,D00,type0,0
1411,2028-11-12,D00,type1,5
1411,2028-11-12,D00,type2,2
1411,2028-11-12,D00,type3,2
1412,2028-11-13,D00,type0,1
1412,2028-11-13,D00,type1,2
1412,2028-11-13,D00,type2,3
1412,2028-11-13,D00,type3,3
1413,2028-11-14,D00,type0,2
1413,2028-11-14,D00,type1,5
1413,2028-11-14,D00,type2,4
1413,2028-11-14,D00,type3,2
1414,2028-11-15,D00,type0,0
1414,2028-11-15,D00,type1,4
1414,2028-11-15,D00,type2,0
1414,2028-11-15,D00,type3,3
1415,2028-11-16,D00,type0,1
1415,2028-11-16,D00,type1,4
1415,2028-11-16,D00,type2,4
1415,2028-11-16,D00,type3,4
1416,2028-11-17,D00,type0,2
1416,2028-11-17,D00,type1,1
1416,2028-11-17,D00,type2,5
1416,2028-11-17,D00,type3,1
1417,2028-11-18,D00,type0,2
1417,2028-11-18,D00,type1,2
1417,2028-11-18,D00,type2,5
1417,2028-11-18,D00,type3,2
1418,2028-11-19,D00,type0,1
1418,2028-11-19,D00,type1,2
1418,2028-11-19,D00,type2,4
1418,2028-11-19,D00,type3,2
1419,2028-11-20,D00,type0,2
1419,2028-11-20,D00,type1,5
1419,2028-11-20,D00,type2,4
1419,2028-11-20,D00,type3,2
1420,2028-11-21,D00,type0,2
1420,2028-11-21,D00,type1,1
1420,2028-11-21,D00,type2,3
1420,2028-11-21,D00,type3,1
1421,2028-11-22,D00,type0,0
1421,2028-11-22,D00,type1,4
1421,2028-11-22,D00,type2,7
1421,2028-11-22,D00,type3,2
1422,2028-11-23,D00,type0,0
1422,2028-11-23,D00,type1,5
1422,2028-11-23,D00,type2,2
1422,2028-11-23,D00,type3,1
1423,2028-11-24,D00,type0,0
1423,2028-11-24,D00,type1,4
1423,2028-11-24,D00,type2,5
1423,2028-11-24,D00,type3,2
1424,2028-11-25,D00,type0,2
1424,2028-11-25,D00,type1,1
1424,2028-11-25,D00,type2,5
1424,2028-11-25,D00,type3,3
1425,2028-11-26,D00,type0,0
1425,2028-11-26,D00,type1,6
1425,2028-11-26,D00,type2,4
1425,2028-11-26,D00,type3,2
1426,2028-11-27,D00,type0,1
1426,2028-11-27,D00,type1,1
1426,2028-11-27,D00,type2,9
1426,2028-11-27,D00,type3,6
1427,2028-11-28,D00,type0,0
1427,2028-11-28,D00,type1,1
1427,2028-11-28,D00,type2,7
1427,2028-11-28,D00,type3,2
1428,2028-11-29,D00,type0,0
1428,2028-11-29,D00,type1,6
1428,2028-11-29,D00,type2,6
1428,2028-11-29,D00,type3,3
1429,2028-11-30,D00,type0,1
1429,2028-11-30,D00,type1,4
1429,2028-11-30,D00,type2,4
1429,2028-11-30,D00,type3,4
1430,2028-12-01,D00,type0,0
1430,2028-12-01,D00,type1,6
1430,2028-12-01,D00,type2,1
1430,2028-12-01,D00,type3,5
1431,2028-12-02,D00,type0,0
1431,2028-12-02,D00,type1,4
1431,2028-12-02,D00,type2,4
1431,2028-12-02,D00,type3,2
1432,2028-12-03,D00,type0,1
1432,2028-12-03,D00,type1,7
1432,2028-12-03,D00,type2,0
1432,2028-12-03,D00,type3,4
1433,2028-12-04,D00,type0,0
1433,2028-12-04,D00,type1,3
1433,2028-12-04,D00,type2,3
1433,2028-12-04,D00,type3,4
1434,2028-12-05,D00,type0,0
1434,2028-12-05,D00,type1,3
1434,2028-12-05,D00,type2,1
1434,2028-12-05,D00,type3,1
1435,2028-12-06,D00,type0,3
1435,2028-12-06,D00,type1,2
1435,2028-12-06,D00,type2,5
1435,2028-12-06,D00,type3,4
1436,2028-12-07,D00,type0,1
1436,2028-12-07,D00,type1,4
1436,2028-12-07,D00,type2,4
1436,2028-12-07,D00,type3,1
1437,2028-12-08,D00,type0,2
1437,2028-12-08,D00,type1,0
1437,2028-12-08,D00,type2,4
1437,2028-12-08,D00,type3,0
1438,2028-12-09,D00,type0,1
1438,2028-12-09,D00,type1,6
1438,2028-12-09,D00,type2,3
1438,2028-12-09,D00,type3,4
1439,2028-12-10,D00,type0,3
1439,2028-12-10,D00,type1,3
1439,2028-12-10,D00,type2,1
1439,2028-12-10,D00,type3,4
1440,2028-12-11,D00,type0,0
1440,2028-12-11,D00,type1,3
1440,2028-12-11,D00,type2,1
1440,2028-12-11,D00,type3,3
1441,2028-12-12,D00,type0,1
1441,2028-12-12,D00,type1,2
1441,2028-12-12,D00,type2,4
1441,2028-12-12,D00,type3,6
1442,2028-12-13,D00,type0,2
1442,2028-12-13,D00,type1,5
1442,2028-12-13,D00,type2,8
1442,2028-12-13,D00,type3,3
1443,2028-12-14,D00,type0,0
1443,2028-12-14,D00,type1,4
1443,2028-12-14,D00,type2,3
1443,2028-12-14,D00,type3,8
1444,2028-12-15,D00,type0,1
1444,2028-12-15,D00,type1,3
1444,2028-12-15,D00,type2,6
1444,2028-12-15,D00,type3,3
1445,2028-12-16,D00,type0,2
1445,2028-12-16,D00,type1,1
1445,2028-12-16,D00,type2,3
1445,2028-12-16,D00,type3,2
1446,2028-12-17,D00,type0,1
1446,2028-12-17,D00,type1,4
1446,2028-12-17,D00,type2,6
1446,2028-12-17,D00,type3,4
1447,2028-12-18,D00,type0,2
1447,2028-12-18,D00,type1,3
1447,2028-12-18,D00,type2,2
1447,2028-12-18,D00,type3,1
1448,2028-12-19,D00,type0,0
1448,2028-12-19,D00,type1,2
1448,2028-12-19,D00,type2,1
1448,2028-12-19,D00,type3,4
1449,2028-12-20,D00,type0,4
1449,2028-12-20,D00,type1,4
1449,2028-12-20,D00,type2,6
1449,2028-12-20,D00,type3,4
1450,2028-12-21,D00,type0,0
1450,2028-12-21,D00,type1,3
1450,2028-12-21,D00,type2,5
1450,2028-12-21,D00,type3,5
1451,2028-12-22,D00,type0,1
1451,2028-12-22,D00,type1,0
1451,2028-12-22,D00,type2,4
1451,2028-12-22,D00,type3,1
1452,2028-12-23,D00,type0,0
1452,2028-12-23,D00,type1,4
1452,2028-12-23,D00,type2,6
1452,2028-12-23,D00,type3,5
1453,2028-12-24,D00,type0,0
1453,2028-12-24,D00,type1,3
1453,2028-12-24,D00,type2,2
1453,2028-12-24,D00,type3,2
1454,2028-12-25,D00,type0,1
1454,2028-12-25,D00,type1,4
1454,2028-12-25,D00,type2,3
1454,2028-12-25,D00,type3,6
1455,2028-12-26,D00,type0,2
1455,2028-12-26,D00,type1,3
1455,2028-12-26,D00,type2,4
1455,2028-12-26,D00,type3,1
1456,2028-12-27,D00,type0,2
1456,2028-12-27,D00,type1,5
1456,2028-12-27,D00,type2,5
1456,2028-12-27,D00,type3,6
1457,2028-12-28,D00,type0,0
1457,2028-12-28,D00,type1,5
1457,2028-12-28,D00,type2,1
1457,2028-12-28,D00,type3,5
1458,2028-12-29,D00,type0,0
1458,2028-12-29,D00,type1,3
1458,2028-12-29,D00,type2,4
1458,2028-12-29,D00,type3,4
1459,2028-12-30,D00,type0,0
1459,2028-12-30,D00,type1,7
1459,2028-12-30,D00,type2,2
1459,2028-12-30,D00,type3,4
1460,2028-12-31,D00,type0,1
1460,2028-12-31,D00,type1,4
1460,2028-12-31,D00,type2,7
1460,2028-12-31,D00,type3,4
1461,2029-01-01,D00,type0,1
1461,2029-01-01,D00,type1,5
1461,2029-01-01,D00,type2,3
1461,2029-01-01,D00,type3,1
1462,2029-01-02,D00,type0,1
1462,2029-01-02,D00,type1,2
1462,2029-01-02,D00,type2,2
1462,2029-01-02,D00,type3,5
1463,2029-01-03,D00,type0,2
1463,2029-01-03,D00,type1,2
1463,2029-01-03,D00,type2,1
1463,2029-01-03,D00,type3,6
1464,2029-01-04,D00,type0,1
1464,2029-01-04,D00,type1,1
1464,2029-01-04,D00,type2,2
1464,2029-01-04,D00,type3,2
1465,2029-01-05,D00,type0,2
1465,2029-01-05,D00,type1,4
1465,2029-01-05,D00,type2,5
1465,2029-01-05,D00,type3,4
1466,2029-01-06,D00,type0,0
1466,2029-01-06,D00,type1,4
1466,2029-01-06,D00,type2,6
1466,2029-01-06,D00,type3,6
1467,2029-01-07,D00,type0,1
1467,2029-01-07,D00,type1,3
1467,2029-01-07,D00,type2,5
1467,2029-01-07,D00,type3,3
1468,2029-01-08,D00,type0,2
1468,2029-01-08,D00,type1,1
1468,2029-01-08,D00,type2,7
1468,2029-01-08,D00,type3,4
1469,2029-01-09,D00,type0,0
1469,2029-01-09,D00,type1,9
1469,2029-01-09,D00,type2,4
1469,2029-01-09,D00,type3,6
1470,2029-01-10,D00,type0,2
1470,2029-01-10,D00,type1,5
1470,2029-01-10,D00,type2,6
1470,2029-01-10,D00,type3,3
1471,2029-01-11,D00,type0,1
1471,2029-01-11,D00,type1,3
1471,2029-01-11,D00,type2,2
1471,2029-01-11,D00,type3,1
1472,2029-01-12,D00,type0,0
1472,2029-01-12,D00,type1,5
1472,2029-01-12,D00,type2,5
1472,2029-01-12,D00,type3,3
1473,2029-01-13,D00,type0,1
1473,2029-01-13,D00,type1,5
1473,2029-01-13,D00,type2,3
1473,2029-01-13,D00,type3,5
1474,2029-01-14,D00,type0,0
1474,2029-01-14,D00,type1,2
1474,2029-01-14,D00,type2,1
1474,2029-01-14,D00,type3,2
1475,2029-01-15,D00,type0,3
1475,2029-01-15,D00,type1,3
1475,2029-01-15,D00,type2,5
1475,2029-01-15,D00,type3,7
1476,2029-01-16,D00,type0,1
1476,2029-01-16,D00,type1,2
1476,2029-01-16,D00,type2,7
1476,2029-01-16,D00,type3,3
1477,2029-01-17,D00,type0,0
1477,2029-01-17,D00,type1,3
1477,2029-01-17,D00,type2,4
1477,2029-01-17,D00,type3,7
1478,2029-01-18,D00,type0,0
1478,2029-01-18,D00,type1,4
1478,2029-01-18,D00,type2,5
1478,2029-01-18,D00,type3,7
1479,2029-01-19,D00,type0,2
1479,2029-01-19,D00,type1,3
1479,2029-01-19,D00,type2,5
1479,2029-01-19,D00,type3,5
1480,2029-01-20,D00,type0,0
1480,2029-01-20,D00,type1,7
1480,2029-01-20,D00,type2,4
1480,2029-01-20,D00,type3,4
1481,2029-01-21,D00,type0,2
1481,2029-01-21,D00,type1,3
1481,2029-01-21,D00,type2,1
1481,2029-01-21,D00,type3,5
1482,2029-01-22,D00,type0,1
1482,2029-01-22,D00,type1,2
1482,2029-01-22,D00,type2,3
1482,2029-01-22,D00,type3,1
1483,2029-01-23,D00,type0,2
1483,2029-01-23,D00,type1,3
1483,2029-01-23,D00,type2,2
1483,2029-01-23,D00,type3,5
1484,2029-01-24,D00,type0,1
1484,2029-01-24,D00,type1,5
1484,2029-01-24,D00,type2,6
1484,2029-01-24,D00,type3,6
1485,2029-01-25,D00,type0,0
1485,2029-01-25,D00,type1,6
1485,2029-01-25,D00,type2,6
1485,2029-01-25,D00,type3,5
1486,2029-01-26,D00,type0,2
1486,2029-01-26,D00,type1,4
1486,2029-01-26,D00,type2,6
1486,2029-01-26,D00,type3,4
1487,2029-01-27,D00,type0,1
1487,2029-01-27,D00,type1,6
1487,2029-01-27,D00,type2,1
1487,2029-01-27,D00,type3,6
1488,2029-01-28,D00,type0,0
1488,2029-01-28,D00,type1,2
1488,2029-01-28,D00,type2,5
1488,2029-01-28,D00,type3,4
1489,2029-01-29,D00,type0,1
1489,2029-01-29,D00,type1,2
1489,2029-01-29,D00,type2,3
1489,2029-01-29,D00,type3,3
1490,2029-01-30,D00,type0,0
1490,2029-01-30,D00,type1,3
1490,2029-01-30,D00,type2,5
1490,2029-01-30,D00,type3,0
1491,2029-01-31,D00,type0,0
1491,2029-01-31,D00,type1,7
1491,2029-01-31,D00,type2,2
1491,2029-01-31,D00,type3,4
1492,2029-02-01,D00,type0,1
1492,2029-02-01,D00,type1,3
1492,2029-02-01,D00,type2,0
1492,2029-02-01,D00,type3,4
1493,2029-02-02,D00,type0,0
1493,2029-02-02,D00,type1,4
1493,2029-02-02,D00,type2,3
1493,2029-02-02,D00,type3,6
1494,2029-02-03,D00,type0,3
1494,2029-02-03,D00,type1,4
1494,2029-02-03,D00,type2,6
1494,2029-02-03,D00,type3,6
1495,2029-02-04,D00,type0,1
1495,2029-02-04,D00,type1,0
1495,2029-02-04,D00,type2,6
1495,2029-02-04,D00,type3,1
1496,2029-02-05,D00,type0,1
1496,2029-02-05,D00,type1,2
1496,2029-02-05,D00,type2,2
1496,2029-02-05,D00,type3,1
1497,2029-02-06,D00,type0,6
1497,2029-02-06,D00,type1,2
1497,2029-02-06,D00,type2,6
1497,2029-02-06,D00,type3,1
1498,2029-02-07,D00,type0,0
1498,2029-02-07,D00,type1,4
1498,2029-02-07,D00,type2,9
1498,2029-02-07,D00,type3,3
1499,2029-02-08,D00,type0,2
1499,2029-02-08,D00,type1,4
1499,2029-02-08,D00,type2,4
1499,2029-02-08,D00,type3,4
1500,2029-02-09,D00,type0,1
1500,2029-02-09,D00,type1,6
1500,2029-02-09,D00,type2,3
1500,2029-02-09,D00,type3,2
1501,2029-02-10,D00,type0,1
1501,2029-02-10,D00,type1,2
1501,2029-02-10,D00,type2,3
1501,2029-02-10,D00,type3,3
1502,2029-02-11,D00,type0,0
1502,2029-02-11,D00,type1,3
1502,2029-02-11,D00,type2,1
1502,2029-02-11,D00,type3,3
1503,2029-02-12,D00,type0,0
1503,2029-02-12,D00,type1,1
1503,2029-02-12,D00,type2,4
1503,2029-02-12,D00,type3,3
1504,2029-02-13,D00,type0,2
1504,2029-02-13,D00,type1,3
1504,2029-02-13,D00,type2,3
1504,2029-02-13,D00,type3,4
1505,2029-02-14,D00,type0,1
1505,2029-02-14,D00,type1,2
1505,2029-02-14,D00,type2,11
1505,2029-02-14,D00,type3,3
1506,2029-02-15,D00,type0,0
1506,2029-02-15,D00,type1,3
1506,2029-02-15,D00,type2,4
1506,2029-02-15,D00,type3,5
1507,2029-02-16,D00,type0,0
1507,2029-02-16,D00,type1,3
1507,2029-02-16,D00,type2,3
1507,2029-02-16,D00,type3,0
1508,2029-02-17,D00,type0,0
1508,2029-02-17,D00,type1,0
1508,2029-02-17,D00,type2,7
1508,2029-02-17,D00,type3,3
1509,2029-02-18,D00,type0,2
1509,2029-02-18,D00,type1,3
1509,2029-02-18,D00,type2,3
1509,2029-02-18,D00,type3,4
1510,2029-02-19,D00,type0,2
1510,2029-02-19,D00,type1,2
1510,2029-02-19,D00,type2,2
1510,2029-02-19,D00,type3,3
1511,2029-02-20,D00,type0,0
1511,2029-02-20,D00,type1,0
1511,2029-02-20,D00,type2,3
1511,2029-02-20,D00,type3,2
1512,2029-02-21,D00,type0,2
1512,2029-02-21,D00,type1,7
1512,2029-02-21,D00,type2,2
1512,2029-02-21,D00,type3,0
1513,2029-02-22,D00,type0,0
1513,2029-02-22,D00,type1,1
1513,2029-02-22,D00,type2,4
1513,2029-02-22,D00,type3,4
1514,2029-02-23,D00,type0,3
1514,2029-02-23,D00,type1,3
1514,2029-02-23,D00,type2,4
1514,2029-02-23,D00,type3,2
1515,2029-02-24,D00,type0,1
1515,2029-02-24,D00,type1,1
1515,2029-02-24,D00,type2,4
1515,2029-02-24,D00,type3,2
1516,2029-02-25,D00,type0,2
1516,2029-02-25,D00,type1,6
1516,2029-02-25,D00,type2,2
1516,2029-02-25,D00,type3,1
1517,2029-02-26,D00,type0,2
1517,2029-02-26,D00,type1,3
1517,2029-02-26,D00,type2,2
1517,2029-02-26,D00,type3,1
1518,2029-02-27,D00,type0,1
1518,2029-02-27,D00,type1,1
1518,2029-02-27,D00,type2,5
1518,2029-02-27,D00,type3,2
1519,2029-02-28,D00,type0,1
1519,2029-02-28,D00,type1,4
1519,2029-02-28,D00,type2,5
1519,2029-02-28,D00,type3,3
1520,2029-03-01,D00,type0,4
1520,2029-03-01,D00,type1,2
1520,2029-03-01,D00,type2,5
1520,2029-03-01,D00,type3,5
1521,2029-03-02,D00,type0,4
1521,2029-03-02,D00,type1,1
1521,2029-03-02,D00,type2,7
1521,2029-03-02,D00,type3,0
1522,2029-03-03,D00,type0,1
1522,2029-03-03,D00,type1,7
1522,2029-03-03,D00,type2,6
1522,2029-03-03,D00,type3,3
1523,2029-03-04,D00,type0,0
1523,2029-03-04,D00,type1,1
1523,2029-03-04,D00,type2,6
1523,2029-03-04,D00,type3,4
1524,2029-03-05,D00,type0,1
1524,2029-03-05,D00,type1,2
1524,2029-03-05,D00,type2,4
1524,2029-03-05,D00,type3,1
1525,2029-03-06,D00,type0,1
1525,2029-03-06,D00,type1,1
1525,2029-03-06,D00,type2,3
1525,2029-03-06,D00,type3,2
1526,2029-03-07,D00,type0,2
1526,2029-03-07,D00,type1,0
1526,2029-03-07,D00,type2,7
1526,2029-03-07,D00,type3,2
1527,2029-03-08,D00,type0,2
1527,2029-03-08,D00,type1,4
1527,2029-03-08,D00,type2,2
1527,2029-03-08,D00,type3,1
1528,2029-03-09,D00,type0,1
1528,2029-03-09,D00,type1,3
1528,2029-03-09,D00,type2,5
1528,2029-03-09,D00,type3,3
1529,2029-03-10,D00,type0,0
1529,2029-03-10,D00,type1,2
1529,2029-03-10,D00,type2,2
1529,2029-03-10,D00,type3,5
1530,2029-03-11,D00,type0,2
1530,2029-03-11,D00,type1,0
1530,2029-03-11,D00,type2,4
1530,2029-03-11,D00,type3,5
1531,2029-03-12,D00,type0,1
1531,2029-03-12,D00,type1,3
1531,2029-03-12,D00,type2,6
1531,2029-03-12,D00,type3,3
1532,2029-03-13,D00,type0,0
1532,2029-03-13,D00,type1,4
1532,2029-03-13,D00,type2,3
1532,2029-03-13,D00,type3,0
1533,2029-03-14,D00,type0,0
1533,2029-03-14,D00,type1,3
1533,2029-03-14,D00,type2,7
1533,2029-03-14,D00,type3,5
1534,2029-03-15,D00,type0,0
1534,2029-03-15,D00,type1,2
1534,2029-03-15,D00,type2,1
1534,2029-03-15,D00,type3,2
1535,2029-03-16,D00,type0,1
1535,2029-03-16,D00,type1,2
1535,2029-03-16,D00,type2,7
1535,2029-03-16,D00,type3,1
1536,2029-03-17,D00,type0,0
1536,2029-03-17,D00,type1,1
1536,2029-03-17,D00,type2,4
1536,2029-03-17,D00,type3,0
1537,2029-03-18,D00,type0,2
1537,2029-03-18,D00,type1,1
1537,2029-03-18,D00,type2,6
1537,2029-03-18,D00,type3,1
1538,2029-03-19,D00,type0,3
1538,2029-03-19,D00,type1,1
1538,2029-03-19,D00,type2,2
1538,2029-03-19,D00,type3,1
1539,2029-03-20,D00,type0,2
1539,2029-03-20,D00,type1,1
1539,2029-03-20,D00,type2,6
1539,2029-03-20,D00,type3,1
1540,2029-03-21,D00,type0,0
1540,2029-03-21,D00,type1,3
1540,2029-03-21,D00,type2,4
1540,2029-03-21,D00,type3,0
1541,2029-03-22,D00,type0,1
1541,2029-03-22,D00,type1,1
1541,2029-03-22,D00,type2,3
1541,2029-03-22,D00,type3,1
1542,2029-03-23,D00,type0,2
1542,2029-03-23,D00,type1,2
1542,2029-03-23,D00,type2,6
1542,2029-03-23,D00,type3,1
1543,2029-03-24,D00,type0,2
1543,2029-03-24,D00,type1,1
1543,2029-03-24,D00,type2,4
1543,2029-03-24,D00,type3,3
1544,2029-03-25,D00,type0,0
1544,2029-03-25,D00,type1,1
1544,2029-03-25,D00,type2,4
1544,2029-03-25,D00,type3,4
1545,2029-03-26,D00,type0,1
1545,2029-03-26,D00,type1,1
1545,2029-03-26,D00,type2,3
1545,2029-03-26,D00,type3,3
1546,2029-03-27,D00,type0,3
1546,2029-03-27,D00,type1,0
1546,2029-03-27,D00,type2,3
1546,2029-03-27,D00,type3,1
1547,2029-03-28,D00,type0,2
1547,2029-03-28,D00,type1,1
1547,2029-03-28,D00,type2,1
1547,2029-03-28,D00,type3,0
1548,2029-03-29,D00,type0,0
1548,2029-03-29,D00,type1,1
1548,2029-03-29,D00,type2,3
1548,2029-03-29,D00,type3,1
1549,2029-03-30,D00,type0,1
1549,2029-03-30,D00,type1,0
1549,2029-03-30,D00,type2,4
1549,2029-03-30,D00,type3,1
1550,2029-03-31,D00,type0,0
1550,2029-03-31,D00,type1,3
1550,2029-03-31,D00,type2,3
1550,2029-03-31,D00,type3,1
1551,2029-04-01,D00,type0,1
1551,2029-04-01,D00,type1,4
1551,2029-04-01,D00,type2,5
1551,2029-04-01,D00,type3,2
1552,2029-04-02,D00,type0,1
1552,2029-04-02,D00,type1,0
1552,2029-04-02,D00,type2,2
1552,2029-04-02,D00,type3,3
1553,2029-04-03,D00,type0,2
1553,2029-04-03,D00,type1,2
1553,2029-04-03,D00,type2,3
1553,2029-04-03,D00,type3,1
1554,2029-04-04,D00,type0,1
1554,2029-04-04,D00,type1,1
1554,2029-04-04,D00,type2,4
1554,2029-04-04,D00,type3,1
1555,2029-04-05,D00,type0,1
1555,2029-04-05,D00,type1,1
1555,2029-04-05,D00,type2,4
1555,2029-04-05,D00,type3,2
1556,2029-04-06,D00,type0,0
1556,2029-04-06,D00,type1,1
1556,2029-04-06,D00,type2,3
1556,2029-04-06,D00,type3,1
1557,2029-04-07,D00,type0,0
1557,2029-04-07,D00,type1,0
1557,2029-04-07,D00,type2,6
1557,2029-04-07,D00,type3,0
1558,2029-04-08,D00,type0,1
1558,2029-04-08,D00,type1,1
1558,2029-04-08,D00,type2,3
1558,2029-04-08,D00,type3,2
1559,2029-04-09,D00,type0,1
1559,2029-04-09,D00,type1,3
1559,2029-04-09,D00,type2,3
1559,2029-04-09,D00,type3,1
1560,2029-04-10,D00,type0,2
1560,2029-04-10,D00,type1,2
1560,2029-04-10,D00,type2,5
1560,2029-04-10,D00,type3,1
1561,2029-04-11,D00,type0,0
1561,2029-04-11,D00,type1,0
1561,2029-04-11,D00,type2,1
1561,2029-04-11,D00,type3,1
1562,2029-04-12,D00,type0,1
1562,2029-04-12,D00,type1,3
1562,2029-04-12,D00,type2,8
1562,2029-04-12,D00,type3,3
1563,2029-04-13,D00,type0,0
1563,2029-04-13,D00,type1,2
1563,2029-04-13,D00,type2,5
1563,2029-04-13,D00,type3,2
1564,2029-04-14,D00,type0,2
1564,2029-04-14,D00,type1,1
1564,2029-04-14,D00,type2,5
1564,2029-04-14,D00,type3,1
1565,2029-04-15,D00,type0,3
1565,2029-04-15,D00,type1,1
1565,2029-04-15,D00,type2,1
1565,2029-04-15,D00,type3,0
1566,2029-04-16,D00,type0,3
1566,2029-04-16,D00,type1,2
1566,2029-04-16,D00,type2,7
1566,2029-04-16,D00,type3,1
1567,2029-04-17,D00,type0,2
1567,2029-04-17,D00,type1,1
1567,2029-04-17,D00,type2,5
1567,2029-04-17,D00,type3,0
1568,2029-04-18,D00,type0,3
1568,2029-04-18,D00,type1,0
1568,2029-04-18,D00,type2,1
1568,2029-04-18,D00,type3,0
1569,2029-04-19,D00,type0,1
1569,2029-04-19,D00,type1,3
1569,2029-04-19,D00,type2,5
1569,2029-04-19,D00,type3,1
1570,2029-04-20,D00,type0,1
1570,2029-04-20,D00,type1,2
1570,2029-04-20,D00,type2,1
1570,2029-04-20,D00,type3,1
1571,2029-04-21,D00,type0,0
1571,2029-04-21,D00,type1,0
1571,2029-04-21,D00,type2,5
1571,2029-04-21,D00,type3,1
1572,2029-04-22,D00,type0,0
1572,2029-04-22,D00,type1,1
1572,2029-04-22,D00,type2,6
1572,2029-04-22,D00,type3,0
1573,2029-04-23,D00,type0,2
1573,2029-04-23,D00,type1,0
1573,2029-04-23,D00,type2,3
1573,2029-04-23,D00,type3,2
1574,2029-04-24,D00,type0,2
1574,2029-04-24,D00,type1,1
1574,2029-04-24,D00,type2,3
1574,2029-04-24,D00,type3,2
1575,2029-04-25,D00,type0,0
1575,2029-04-25,D00,type1,0
1575,2029-04-25,D00,type2,4
1575,2029-04-25,D00,type3,1
1576,2029-04-26,D00,type0,1
1576,2029-04-26,D00,type1,2
1576,2029-04-26,D00,type2,4
1576,2029-04-26,D00,type3,0
1577,2029-04-27,D00,type0,4
1577,2029-04-27,D00,type1,2
1577,2029-04-27,D00,type2,5
1577,2029-04-27,D00,type3,0
1578,2029-04-28,D00,type0,0
1578,2029-04-28,D00,type1,1
1578,2029-04-28,D00,type2,3
1578,2029-04-28,D00,type3,1
1579,2029-04-29,D00,type0,1
1579,2029-04-29,D00,type1,0
1579,2029-04-29,D00,type2,1
1579,2029-04-29,D00,type3,1
1580,2029-04-30,D00,type0,1
1580,2029-04-30,D00,type1,4
1580,2029-04-30,D00,type2,4
1580,2029-04-30,D00,type3,0
1581,2029-05-01,D00,type0,1
1581,2029-05-01,D00,type1,1
1581,2029-05-01,D00,type2,2
1581,2029-05-01,D00,type3,0
1582,2029-05-02,D00,type0,0
1582,2029-05-02,D00,type1,1
1582,2029-05-02,D00,type2,6
1582,2029-05-02,D00,type3,3
1583,2029-05-03,D00,type0,0
1583,2029-05-03,D00,type1,2
1583,2029-05-03,D00,type2,5
1583,2029-05-03,D00,type3,0
1584,2029-05-04,D00,type0,2
1584,2029-05-04,D00,type1,1
1584,2029-05-04,D00,type2,0
1584,2029-05-04,D00,type3,0
1585,2029-05-05,D00,type0,2
1585,2029-05-05,D00,type1,3
1585,2029-05-05,D00,type2,7
1585,2029-05-05,D00,type3,0
1586,2029-05-06,D00,type0,0
1586,2029-05-06,D00,type1,0
1586,2029-05-06,D00,type2,6
1586,2029-05-06,D00,type3,0
1587,2029-05-07,D00,type0,2
1587,2029-05-07,D00,type1,1
1587,2029-05-07,D00,type2,3
1587,2029-05-07,D00,type3,1
1588,2029-05-08,D00,type0,1
1588,2029-05-08,D00,type1,1
1588,2029-05-08,D00,type2,9
1588,2029-05-08,D00,type3,1
1589,2029-05-09,D00,type0,1
1589,2029-05-09,D00,type1,1
1589,2029-05-09,D00,type2,5
1589,2029-05-09,D00,type3,2
1590,2029-05-10,D00,type0,0
1590,2029-05-10,D00,type1,3
1590,2029-05-10,D00,type2,5
1590,2029-05-10,D00,type3,1
1591,2029-05-11,D00,type0,0
1591,2029-05-11,D00,type1,1
1591,2029-05-11,D00,type2,3
1591,2029-05-11,D00,type3,0
1592,2029-05-12,D00,type0,0
1592,2029-05-12,D00,type1,3
1592,2029-05-12,D00,type2,6
1592,2029-05-12,D00,type3,3
1593,2029-05-13,D00,type0,3
1593,2029-05-13,D00,type1,0
1593,2029-05-13,D00,type2,6
1593,2029-05-13,D00,type3,1
1594,2029-05-14,D00,type0,3
1594,2029-05-14,D00,type1,1
1594,2029-05-14,D00,type2,2
1594,2029-05-14,D00,type3,1
1595,2029-05-15,D00,type0,1
1595,2029-05-15,D00,type1,0
1595,2029-05-15,D00,type2,2
1595,2029-05-15,D00,type3,2
1596,2029-05-16,D00,type0,2
1596,2029-05-16,D00,type1,0
1596,2029-05-16,D00,type2,5
1596,2029-05-16,D00,type3,3
1597,2029-05-17,D00,type0,1
1597,2029-05-17,D00,type1,1
1597,2029-05-17,D00,type2,3
1597,2029-05-17,D00,type3,2
1598,2029-05-18,D00,type0,0
1598,2029-05-18,D00,type1,3
1598,2029-05-18,D00,type2,4
1598,2029-05-18,D00,type3,2
1599,2029-05-19,D00,type0,1
1599,2029-05-19,D00,type1,1
1599,2029-05-19,D00,type2,3
1599,2029-05-19,D00,type3,0
1600,2029-05-20,D00,type0,0
1600,2029-05-20,D00,type1,1
1600,2029-05-20,D00,type2,3
1600,2029-05-20,D00,type3,2
1601,2029-05-21,D00,type0,1
1601,2029-05-21,D00,type1,1
1601,2029-05-21,D00,type2,6
1601,2029-05-21,D00,type3,2
1602,2029-05-22,D00,type0,1
1602,2029-05-22,D00,type1,0
1602,2029-05-22,D00,type2,5
1602,2029-05-22,D00,type3,2
1603,2029-05-23,D00,type0,1
1603,2029-05-23,D00,type1,0
1603,2029-05-23,D00,type2,4
1603,2029-05-23,D00,type3,0
1604,2029-05-24,D00,type0,0
1604,2029-05-24,D00,type1,4
1604,2029-05-24,D00,type2,6
1604,2029-05-24,D00,type3,0
1605,2029-05-25,D00,type0,1
1605,2029-05-25,D00,type1,2
1605,2029-05-25,D00,type2,2
1605,2029-05-25,D00,type3,2
1606,2029-05-26,D00,type0,2
1606,2029-05-26,D00,type1,3
1606,2029-05-26,D00,type2,4
1606,2029-05-26,D00,type3,0
1607,2029-05-27,D00,type0,1
1607,2029-05-27,D00,type1,3
1607,2029-05-27,D00,type2,3
1607,2029-05-27,D00,type3,0
1608,2029-05-28,D00,type0,2
1608,2029-05-28,D00,type1,3
1608,2029-05-28,D00,type2,1
1608,2029-05-28,D00,type3,0
1609,2029-05-29,D00,type0,0
1609,2029-05-29,D00,type1,2
1609,2029-05-29,D00,type2,4
1609,2029-05-29,D00,type3,1
1610,2029-05-30,D00,type0,0
1610,2029-05-30,D00,type1,4
1610,2029-05-30,D00,type2,1
1610,2029-05-30,D00,type3,2
1611,2029-05-31,D00,type0,1
1611,2029-05-31,D00,type1,2
1611,2029-05-31,D00,type2,2
1611,2029-05-31,D00,type3,1
1612,2029-06-01,D00,type0,1
1612,2029-06-01,D00,type1,3
1612,2029-06-01,D00,type2,7
1612,2029-06-01,D00,type3,4
1613,2029-06-02,D00,type0,1
1613,2029-06-02,D00,type1,1
1613,2029-06-02,D00,type2,3
1613,2029-06-02,D00,type3,1
1614,2029-06-03,D00,type0,1
1614,2029-06-03,D00,type1,1
1614,2029-06-03,D00,type2,5
1614,2029-06-03,D00,type3,0
1615,2029-06-04,D00,type0,2
1615,2029-06-04,D00,type1,2
1615,2029-06-04,D00,type2,4
1615,2029-06-04,D00,type3,0
1616,2029-06-05,D00,type0,1
1616,2029-06-05,D00,type1,3
1616,2029-06-05,D00,type2,2
1616,2029-06-05,D00,type3,1
1617,2029-06-06,D00,type0,2
1617,2029-06-06,D00,type1,3
1617,2029-06-06,D00,type2,4
1617,2029-06-06,D00,type3,0
1618,2029-06-07,D00,type0,0
1618,2029-06-07,D00,type1,3
1618,2029-06-07,D00,type2,3
1618,2029-06-07,D00,type3,1
1619,2029-06-08,D00,type0,3
1619,2029-06-08,D00,type1,2
1619,2029-06-08,D00,type2,3
1619,2029-06-08,D00,type3,2
1620,2029-06-09,D00,type0,2
1620,2029-06-09,D00,type1,2
1620,2029-06-09,D00,type2,2
1620,2029-06-09,D00,type3,1
1621,2029-06-10,D00,type0,3
1621,2029-06-10,D00,type1,1
1621,2029-06-10,D00,type2,4
1621,2029-06-10,D00,type3,0
1622,2029-06-11,D00,type0,2
1622,2029-06-11,D00,type1,5
1622,2029-06-11,D00,type2,4
1622,2029-06-11,D00,type3,2
1623,2029-06-12,D00,type0,1
1623,2029-06-12,D00,type1,0
1623,2029-06-12,D00,type2,4
1623,2029-06-12,D00,type3,1
1624,2029-06-13,D00,type0,0
1624,2029-06-13,D00,type1,0
1624,2029-06-13,D00,type2,2
1624,2029-06-13,D00,type3,3
1625,2029-06-14,D00,type0,2
1625,2029-06-14,D00,type1,1
1625,2029-06-14,D00,type2,6
1625,2029-06-14,D00,type3,2
1626,2029-06-15,D00,type0,2
1626,2029-06-15,D00,type1,1
1626,2029-06-15,D00,type2,4
1626,2029-06-15,D00,type3,0
1627,2029-06-16,D00,type0,2
1627,2029-06-16,D00,type1,3
1627,2029-06-16,D00,type2,4
1627,2029-06-16,D00,type3,2
1628,2029-06-17,D00,type0,1
1628,2029-06-17,D00,type1,3
1628,2029-06-17,D00,type2,4
1628,2029-06-17,D00,type3,0
1629,2029-06-18,D00,type0,0
1629,2029-06-18,D00,type1,5
1629,2029-06-18,D00,type2,2
1629,2029-06-18,D00,type3,0
1630,2029-06-19,D00,type0,1
1630,2029-06-19,D00,type1,1
1630,2029-06-19,D00,type2,4
1630,2029-06-19,D00,type3,0
1631,2029-06-20,D00,type0,1
1631,2029-06-20,D00,type1,2
1631,2029-06-20,D00,type2,4
1631,2029-06-20,D00,type3,1
1632,2029-06-21,D00,type0,1
1632,2029-06-21,D00,type1,2
1632,2029-06-21,D00,type2,5
1632,2029-06-21,D00,type3,0
1633,2029-06-22,D00,type0,1
1633,2029-06-22,D00,type1,4
1633,2029-06-22,D00,type2,7
1633,2029-06-22,D00,type3,2
1634,2029-06-23,D00,type0,6
1634,2029-06-23,D00,type1,1
1634,2029-06-23,D00,type2,4
1634,2029-06-23,D00,type3,2
1635,2029-06-24,D00,type0,1
1635,2029-06-24,D00,type1,5
1635,2029-06-24,D00,type2,6
1635,2029-06-24,D00,type3,1
1636,2029-06-25,D00,type0,2
1636,2029-06-25,D00,type1,2
1636,2029-06-25,D00,type2,3
1636,2029-06-25,D00,type3,3
1637,2029-06-26,D00,type0,0
1637,2029-06-26,D00,type1,6
1637,2029-06-26,D00,type2,8
1637,2029-06-26,D00,type3,3
1638,2029-06-27,D00,type0,0
1638,2029-06-27,D00,type1,3
1638,2029-06-27,D00,type2,5
1638,2029-06-27,D00,type3,1
1639,2029-06-28,D00,type0,0
1639,2029-06-28,D00,type1,5
1639,2029-06-28,D00,type2,10
1639,2029-06-28,D00,type3,2
1640,2029-06-29,D00,type0,1
1640,2029-06-29,D00,type1,5
1640,2029-06-29,D00,type2,5
1640,2029-06-29,D00,type3,1
1641,2029-06-30,D00,type0,2
1641,2029-06-30,D00,type1,6
1641,2029-06-30,D00,type2,3
1641,2029-06-30,D00,type3,2
1642,2029-07-01,D00,type0,1
1642,2029-07-01,D00,type1,5
1642,2029-07-01,D00,type2,5
1642,2029-07-01,D00,type3,0
1643,2029-07-02,D00,type0,1
1643,2029-07-02,D00,type1,2
1643,2029-07-02,D00,type2,5
1643,2029-07-02,D00,type3,0
1644,2029-07-03,D00,type0,0
1644,2029-07-03,D00,type1,0
1644,2029-07-03,D00,type2,8
1644,2029-07-03,D00,type3,0
1645,2029-07-04,D00,type0,0
1645,2029-07-04,D00,type1,4
1645,2029-07-04,D00,type2,8
1645,2029-07-04,D00,type3,0
1646,2029-07-05,D00,type0,1
1646,2029-07-05,D00,type1,3
1646,2029-07-05,D00,type2,8
1646,2029-07-05,D00,type3,1
1647,2029-07-06,D00,type0,0
1647,2029-07-06,D00,type1,2
1647,2029-07-06,D00,type2,5
1647,2029-07-06,D00,type3,1
1648,2029-07-07,D00,type0,0
1648,2029-07-07,D00,type1,2
1648,2029-07-07,D00,type2,11
1648,2029-07-07,D00,type3,4
1649,2029-07-08,D00,type0,0
1649,2029-07-08,D00,type1,4
1649,2029-07-08,D00,type2,9
1649,2029-07-08,D00,type3,2
1650,2029-07-09,D00,type0,1
1650,2029-07-09,D00,type1,1
1650,2029-07-09,D00,type2,13
1650,2029-07-09,D00,type3,2
1651,2029-07-10,D00,type0,1
1651,2029-07-10,D00,type1,3
1651,2029-07-10,D00,type2,6
1651,2029-07-10,D00,type3,1
1652,2029-07-11,D00,type0,3
1652,2029-07-11,D00,type1,3
1652,2029-07-11,D00,type2,6
1652,2029-07-11,D00,type3,0
1653,2029-07-12,D00,type0,1
1653,2029-07-12,D00,type1,4
1653,2029-07-12,D00,type2,11
1653,2029-07-12,D00,type3,2
1654,2029-07-13,D00,type0,1
1654,2029-07-13,D00,type1,1
1654,2029-07-13,D00,type2,10
1654,2029-07-13,D00,type3,2
1655,2029-07-14,D00,type0,2
1655,2029-07-14,D00,type1,2
1655,2029-07-14,D00,type2,8
1655,2029-07-14,D00,type3,0
1656,2029-07-15,D00,type0,1
1656,2029-07-15,D00,type1,8
1656,2029-07-15,D00,type2,4
1656,2029-07-15,D00,type3,2
1657,2029-07-16,D00,type0,0
1657,2029-07-16,D00,type1,2
1657,2029-07-16,D00,type2,5
1657,2029-07-16,D00,type3,2
1658,2029-07-17,D00,type0,1
1658,2029-07-17,D00,type1,1
1658,2029-07-17,D00,type2,3
1658,2029-07-17,D00,type3,2
1659,2029-07-18,D00,type0,1
1659,2029-07-18,D00,type1,4
1659,2029-07-18,D00,type2,11
1659,2029-07-18,D00,type3,1
1660,2029-07-19,D00,type0,1
1660,2029-07-19,D00,type1,1
1660,2029-07-19,D00,type2,8
1660,2029-07-19,D00,type3,1
1661,2029-07-20,D00,type0,0
1661,2029-07-20,D00,type1,1
1661,2029-07-20,D00,type2,5
1661,2029-07-20,D00,type3,2
1662,2029-07-21,D00,type0,0
1662,2029-07-21,D00,type1,2
1662,2029-07-21,D00,type2,11
1662,2029-07-21,D00,type3,1
1663,2029-07-22,D00,type0,1
1663,2029-07-22,D00,type1,7
1663,2029-07-22,D00,type2,8
1663,2029-07-22,D00,type3,2
1664,2029-07-23,D00,type0,1
1664,2029-07-23,D00,type1,3
1664,2029-07-23,D00,type2,13
1664,2029-07-23,D00,type3,3
1665,2029-07-24,D00,type0,1
1665,2029-07-24,D00,type1,3
1665,2029-07-24,D00,type2,6
1665,2029-07-24,D00,type3,1
1666,2029-07-25,D00,type0,0
1666,2029-07-25,D00,type1,3
1666,2029-07-25,D00,type2,10
1666,2029-07-25,D00,type3,2
1667,2029-07-26,D00,type0,0
1667,2029-07-26,D00,type1,5
1667,2029-07-26,D00,type2,6
1667,2029-07-26,D00,type3,2
1668,2029-07-27,D00,type0,3
1668,2029-07-27,D00,type1,0
1668,2029-07-27,D00,type2,13
1668,2029-07-27,D00,type3,1
1669,2029-07-28,D00,type0,0
1669,2029-07-28,D00,type1,1
1669,2029-07-28,D00,type2,11
1669,2029-07-28,D00,type3,1
1670,2029-07-29,D00,type0,3
1670,2029-07-29,D00,type1,2
1670,2029-07-29,D00,type2,9
1670,2029-07-29,D00,type3,0
1671,2029-07-30,D00,type0,3
1671,2029-07-30,D00,type1,4
1671,2029-07-30,D00,type2,7
1671,2029-07-30,D00,type3,1
1672,2029-07-31,D00,type0,0
1672,2029-07-31,D00,type1,2
1672,2029-07-31,D00,type2,8
1672,2029-07-31,D00,type3,0
1673,2029-08-01,D00,type0,3
1673,2029-08-01,D00,type1,2
1673,2029-08-01,D00,type2,8
1673,2029-08-01,D00,type3,1
1674,2029-08-02,D00,type0,1
1674,2029-08-02,D00,type1,1
1674,2029-08-02,D00,type2,13
1674,2029-08-02,D00,type3,1
1675,2029-08-03,D00,type0,2
1675,2029-08-03,D00,type1,2
1675,2029-08-03,D00,type2,14
1675,2029-08-03,D00,type3,1
1676,2029-08-04,D00,type0,2
1676,2029-08-04,D00,type1,2
1676,2029-08-04,D00,type2,7
1676,2029-08-04,D00,type3,0
1677,2029-08-05,D00,type0,1
1677,2029-08-05,D00,type1,2
1677,2029-08-05,D00,type2,10
1677,2029-08-05,D00,type3,2
1678,2029-08-06,D00,type0,3
1678,2029-08-06,D00,type1,2
1678,2029-08-06,D00,type2,10
1678,2029-08-06,D00,type3,1
1679,2029-08-07,D00,type0,1
1679,2029-08-07,D00,type1,2
1679,2029-08-07,D00,type2,8
1679,2029-08-07,D00,type3,4
1680,2029-08-08,D00,type0,1
1680,2029-08-08,D00,type1,1
1680,2029-08-08,D00,type2,9
1680,2029-08-08,D00,type3,5
1681,2029-08-09,D00,type0,0
1681,2029-08-09,D00,type1,2
1681,2029-08-09,D00,type2,9
1681,2029-08-09,D00,type3,3
1682,2029-08-10,D00,type0,1
1682,2029-08-10,D00,type1,4
1682,2029-08-10,D00,type2,7
1682,2029-08-10,D00,type3,2
1683,2029-08-11,D00,type0,0
1683,2029-08-11,D00,type1,4
1683,2029-08-11,D00,type2,10
1683,2029-08-11,D00,type3,0
1684,2029-08-12,D00,type0,2
1684,2029-08-12,D00,type1,3
1684,2029-08-12,D00,type2,9
1684,2029-08-12,D00,type3,2
1685,2029-08-13,D00,type0,1
1685,2029-08-13,D00,type1,4
1685,2029-08-13,D00,type2,9
1685,2029-08-13,D00,type3,2
1686,2029-08-14,D00,type0,0
1686,2029-08-14,D00,type1,4
1686,2029-08-14,D00,type2,9
1686,2029-08-14,D00,type3,1
1687,2029-08-15,D00,type0,0
1687,2029-08-15,D00,type1,3
1687,2029-08-15,D00,type2,5
1687,2029-08-15,D00,type3,2
1688,2029-08-16,D00,type0,1
1688,2029-08-16,D00,type1,2
1688,2029-08-16,D00,type2,6
1688,2029-08-16,D00,type3,2
1689,2029-08-17,D00,type0,2
1689,2029-08-17,D00,type1,1
1689,2029-08-17,D00,type2,9
1689,2029-08-17,D00,type3,1
1690,2029-08-18,D00,type0,1
1690,2029-08-18,D00,type1,3
1690,2029-08-18,D00,type2,10
1690,2029-08-18,D00,type3,1
1691,2029-08-19,D00,type0,1
1691,2029-08-19,D00,type1,1
1691,2029-08-19,D00,type2,7
1691,2029-08-19,D00,type3,1
1692,2029-08-20,D00,type0,0
1692,2029-08-20,D00,type1,0
1692,2029-08-20,D00,type2,11
1692,2029-08-20,D00,type3,2
1693,2029-08-21,D00,type0,3
1693,2029-08-21,D00,type1,1
1693,2029-08-21,D00,type2,4
1693,2029-08-21,D00,type3,1
1694,2029-08-22,D00,type0,2
1694,2029-08-22,D00,type1,1
1694,2029-08-22,D00,type2,5
1694,2029-08-22,D00,type3,3
1695,2029-08-23,D00,type0,0
1695,2029-08-23,D00,type1,3
1695,2029-08-23,D00,type2,5
1695,2029-08-23,D00,type3,1
1696,2029-08-24,D00,type0,3
1696,2029-08-24,D00,type1,1
1696,2029-08-24,D00,type2,9
1696,2029-08-24,D00,type3,0
1697,2029-08-25,D00,type0,0
1697,2029-08-25,D00,type1,6
1697,2029-08-25,D00,type2,5
1697,2029-08-25,D00,type3,1
1698,2029-08-26,D00,type0,2
1698,2029-08-26,D00,type1,3
1698,2029-08-26,D00,type2,8
1698,2029-08-26,D00,type3,2
1699,2029-08-27,D00,type0,1
1699,2029-08-27,D00,type1,2
1699,2029-08-27,D00,type2,6
1699,2029-08-27,D00,type3,2
1700,2029-08-28,D00,type0,0
1700,2029-08-28,D00,type1,0
1700,2029-08-28,D00,type2,11
1700,2029-08-28,D00,type3,3
1701,2029-08-29,D00,type0,0
1701,2029-08-29,D00,type1,0
1701,2029-08-29,D00,type2,4
1701,2029-08-29,D00,type3,0
1702,2029-08-30,D00,type0,0
1702,2029-08-30,D00,type1,3
1702,2029-08-30,D00,type2,4
1702,2029-08-30,D00,type3,1
1703,2029-08-31,D00,type0,1
1703,2029-08-31,D00,type1,1
1703,2029-08-31,D00,type2,5
1703,2029-08-31,D00,type3,1
1704,2029-09-01,D00,type0,3
1704,2029-09-01,D00,type1,2
1704,2029-09-01,D00,type2,5
1704,2029-09-01,D00,type3,1
1705,2029-09-02,D00,type0,0
1705,2029-09-02,D00,type1,2
1705,2029-09-02,D00,type2,11
1705,2029-09-02,D00,type3,1
1706,2029-09-03,D00,type0,0
1706,2029-09-03,D00,type1,3
1706,2029-09-03,D00,type2,5
1706,2029-09-03,D00,type3,2
1707,2029-09-04,D00,type0,1
1707,2029-09-04,D00,type1,3
1707,2029-09-04,D00,type2,8
1707,2029-09-04,D00,type3,0
1708,2029-09-05,D00,type0,3
1708,2029-09-05,D00,type1,1
1708,2029-09-05,D00,type2,5
1708,2029-09-05,D00,type3,2
1709,2029-09-06,D00,type0,3
1709,2029-09-06,D00,type1,1
1709,2029-09-06,D00,type2,7
1709,2029-09-06,D00,type3,0
1710,2029-09-07,D00,type0,1
1710,2029-09-07,D00,type1,2
1710,2029-09-07,D00,type2,9
1710,2029-09-07,D00,type3,1
1711,2029-09-08,D00,type0,0
1711,2029-09-08,D00,type1,1
1711,2029-09-08,D00,type2,1
1711,2029-09-08,D00,type3,1
1712,2029-09-09,D00,type0,2
1712,2029-09-09,D00,type1,0
1712,2029-09-09,D00,type2,3
1712,2029-09-09,D00,type3,1
1713,2029-09-10,D00,type0,0
1713,2029-09-10,D00,type1,1
1713,2029-09-10,D00,type2,3
1713,2029-09-10,D00,type3,1
1714,2029-09-11,D00,type0,2
1714,2029-09-11,D00,type1,0
1714,2029-09-11,D00,type2,0
1714,2029-09-11,D00,type3,1
1715,2029-09-12,D00,type0,0
1715,2029-09-12,D00,type1,2
1715,2029-09-12,D00,type2,7
1715,2029-09-12,D00,type3,1
1716,2029-09-13,D00,type0,2
1716,2029-09-13,D00,type1,0
1716,2029-09-13,D00,type2,6
1716,2029-09-13,D00,type3,1
1717,2029-09-14,D00,type0,0
1717,2029-09-14,D00,type1,2
1717,2029-09-14,D00,type2,8
1717,2029-09-14,D00,type3,1
1718,2029-09-15,D00,type0,0
1718,2029-09-15,D00,type1,4
1718,2029-09-15,D00,type2,2
1718,2029-09-15,D00,type3,0
1719,2029-09-16,D00,type0,2
1719,2029-09-16,D00,type1,2
1719,2029-09-16,D00,type2,5
1719,2029-09-16,D00,type3,0
1720,2029-09-17,D00,type0,3
1720,2029-09-17,D00,type1,2
1720,2029-09-17,D00,type2,7
1720,2029-09-17,D00,type3,1
1721,2029-09-18,D00,type0,2
1721,2029-09-18,D00,type1,2
1721,2029-09-18,D00,type2,7
1721,2029-09-18,D00,type3,2
1722,2029-09-19,D00,type0,2
1722,2029-09-19,D00,type1,5
1722,2029-09-19,D00,type2,3
1722,2029-09-19,D00,type3,2
1723,2029-09-20,D00,type0,2
1723,2029-09-20,D00,type1,0
1723,2029-09-20,D00,type2,7
1723,2029-09-20,D00,type3,1
1724,2029-09-21,D00,type0,2
1724,2029-09-21,D00,type1,0
1724,2029-09-21,D00,type2,6
1724,2029-09-21,D00,type3,1
1725,2029-09-22,D00,type0,1
1725,2029-09-22,D00,type1,4
1725,2029-09-22,D00,type2,4
1725,2029-09-22,D00,type3,0
1726,2029-09-23,D00,type0,3
1726,2029-09-23,D00,type1,3
1726,2029-09-23,D00,type2,2
1726,2029-09-23,D00,type3,3
1727,2029-09-24,D00,type0,1
1727,2029-09-24,D00,type1,0
1727,2029-09-24,D00,type2,2
1727,2029-09-24,D00,type3,1
1728,2029-09-25,D00,type0,3
1728,2029-09-25,D00,type1,1
1728,2029-09-25,D00,type2,2
1728,2029-09-25,D00,type3,2
1729,2029-09-26,D00,type0,0
1729,2029-09-26,D00,type1,1
1729,2029-09-26,D00,type2,6
1729,2029-09-26,D00,type3,1
1730,2029-09-27,D00,type0,2
1730,2029-09-27,D00,type1,2
1730,2029-09-27,D00,type2,3
1730,2029-09-27,D00,type3,1
1731,2029-09-28,D00,type0,0
1731,2029-09-28,D00,type1,1
1731,2029-09-28,D00,type2,5
1731,2029-09-28,D00,type3,0
1732,2029-09-29,D00,type0,3
1732,2029-09-29,D00,type1,1
1732,2029-09-29,D00,type2,3
1732,2029-09-29,D00,type3,2
1733,2029-09-30,D00,type0,1
1733,2029-09-30,D00,type1,1
1733,2029-09-30,D00,type2,7
1733,2029-09-30,D00,type3,0
1734,2029-10-01,D00,type0,0
1734,2029-10-01,D00,type1,0
1734,2029-10-01,D00,type2,3
1734,2029-10-01,D00,type3,0
1735,2029-10-02,D00,type0,1
1735,2029-10-02,D00,type1,1
1735,2029-10-02,D00,type2,6
1735,2029-10-02,D00,type3,1
1736,2029-10-03,D00,type0,1
1736,2029-10-03,D00,type1,2
1736,2029-10-03,D00,type2,0
1736,2029-10-03,D00,type3,1
1737,2029-10-04,D00,type0,0
1737,2029-10-04,D00,type1,0
1737,2029-10-04,D00,type2,4
1737,2029-10-04,D00,type3,1
1738,2029-10-05,D00,type0,0
1738,2029-10-05,D00,type1,1
1738,2029-10-05,D00,type2,8
1738,2029-10-05,D00,type3,0
1739,2029-10-06,D00,type0,2
1739,2029-10-06,D00,type1,4
1739,2029-10-06,D00,type2,3
1739,2029-10-06,D00,type3,2
1740,2029-10-07,D00,type0,1
1740,2029-10-07,D00,type1,0
1740,2029-10-07,D00,type2,6
1740,2029-10-07,D00,type3,1
1741,2029-10-08,D00,type0,2
1741,2029-10-08,D00,type1,5
1741,2029-10-08,D00,type2,2
1741,2029-10-08,D00,type3,2
1742,2029-10-09,D00,type0,0
1742,2029-10-09,D00,type1,2
1742,2029-10-09,D00,type2,2
1742,2029-10-09,D00,type3,1
1743,2029-10-10,D00,type0,2
1743,2029-10-10,D00,type1,2
1743,2029-10-10,D00,type2,4
1743,2029-10-10,D00,type3,0
1744,2029-10-11,D00,type0,2
1744,2029-10-11,D00,type1,0
1744,2029-10-11,D00,type2,3
1744,2029-10-11,D00,type3,3
1745,2029-10-12,D00,type0,1
1745,2029-10-12,D00,type1,2
1745,2029-10-12,D00,type2,7
1745,2029-10-12,D00,type3,0
1746,2029-10-13,D00,type0,0
1746,2029-10-13,D00,type1,1
1746,2029-10-13,D00,type2,0
1746,2029-10-13,D00,type3,0
1747,2029-10-14,D00,type0,1
1747,2029-10-14,D00,type1,1
1747,2029-10-14,D00,type2,1
1747,2029-10-14,D00,type3,0
1748,2029-10-15,D00,type0,3
1748,2029-10-15,D00,type1,1
1748,2029-10-15,D00,type2,7
1748,2029-10-15,D00,type3,2
1749,2029-10-16,D00,type0,0
1749,2029-10-16,D00,type1,1
1749,2029-10-16,D00,type2,4
1749,2029-10-16,D00,type3,0
1750,2029-10-17,D00,type0,1
1750,2029-10-17,D00,type1,2
1750,2029-10-17,D00,type2,1
1750,2029-10-17,D00,type3,0
1751,2029-10-18,D00,type0,1
1751,2029-10-18,D00,type1,0
1751,2029-10-18,D00,type2,4
1751,2029-10-18,D00,type3,1
1752,2029-10-19,D00,type0,4
1752,2029-10-19,D00,type1,3
1752,2029-10-19,D00,type2,4
1752,2029-10-19,D00,type3,2
1753,2029-10-20,D00,type0,0
1753,2029-10-20,D00,type1,3
1753,2029-10-20,D00,type2,6
1753,2029-10-20,D00,type3,0
1754,2029-10-21,D00,type0,1
1754,2029-10-21,D00,type1,1
1754,2029-10-21,D00,type2,2
1754,2029-10-21,D00,type3,2
1755,2029-10-22,D00,type0,0
1755,2029-10-22,D00,type1,1
1755,2029-10-22,D00,type2,3
1755,2029-10-22,D00,type3,2
1756,2029-10-23,D00,type0,0
1756,2029-10-23,D00,type1,1
1756,2029-10-23,D00,type2,4
1756,2029-10-23,D00,type3,2
1757,2029-10-24,D00,type0,1
1757,2029-10-24,D00,type1,1
1757,2029-10-24,D00,type2,2
1757,2029-10-24,D00,type3,6
1758,2029-10-25,D00,type0,1
1758,2029-10-25,D00,type1,3
1758,2029-10-25,D00,type2,1
1758,2029-10-25,D00,type3,2
1759,2029-10-26,D00,type0,1
1759,2029-10-26,D00,type1,2
1759,2029-10-26,D00,type2,3
1759,2029-10-26,D00,type3,2
1760,2029-10-27,D00,type0,2
1760,2029-10-27,D00,type1,5
1760,2029-10-27,D00,type2,3
1760,2029-10-27,D00,type3,4
1761,2029-10-28,D00,type0,2
1761,2029-10-28,D00,type1,2
1761,2029-10-28,D00,type2,4
1761,2029-10-28,D00,type3,1
1762,2029-10-29,D00,type0,1
1762,2029-10-29,D00,type1,6
1762,2029-10-29,D00,type2,3
1762,2029-10-29,D00,type3,1
1763,2029-10-30,D00,type0,2
1763,2029-10-30,D00,type1,4
1763,2029-10-30,D00,type2,7
1763,2029-10-30,D00,type3,1
1764,2029-10-31,D00,type0,1
1764,2029-10-31,D00,type1,2
1764,2029-10-31,D00,type2,4
1764,2029-10-31,D00,type3,0
1765,2029-11-01,D00,type0,5
1765,2029-11-01,D00,type1,5
1765,2029-11-01,D00,type2,4
1765,2029-11-01,D00,type3,2
1766,2029-11-02,D00,type0,5
1766,2029-11-02,D00,type1,1
1766,2029-11-02,D00,type2,4
1766,2029-11-02,D00,type3,4
1767,2029-11-03,D00,type0,2
1767,2029-11-03,D00,type1,0
1767,2029-11-03,D00,type2,2
1767,2029-11-03,D00,type3,1
1768,2029-11-04,D00,type0,2
1768,2029-11-04,D00,type1,1
1768,2029-11-04,D00,type2,1
1768,2029-11-04,D00,type3,1
1769,2029-11-05,D00,type0,0
1769,2029-11-05,D00,type1,2
1769,2029-11-05,D00,type2,5
1769,2029-11-05,D00,type3,1
1770,2029-11-06,D00,type0,1
1770,2029-11-06,D00,type1,0
1770,2029-11-06,D00,type2,5
1770,2029-11-06,D00,type3,1
1771,2029-11-07,D00,type0,2
1771,2029-11-07,D00,type1,5
1771,2029-11-07,D00,type2,5
1771,2029-11-07,D00,type3,1
1772,2029-11-08,D00,type0,2
1772,2029-11-08,D00,type1,4
1772,2029-11-08,D00,type2,6
1772,2029-11-08,D00,type3,0
1773,2029-11-09,D00,type0,2
1773,2029-11-09,D00,type1,4
1773,2029-11-09,D00,type2,3
1773,2029-11-09,D00,type3,1
1774,2029-11-10,D00,type0,1
1774,2029-11-10,D00,type1,2
1774,2029-11-10,D00,type2,2
1774,2029-11-10,D00,type3,0
1775,2029-11-11,D00,type0,0
1775,2029-11-11,D00,type1,4
1775,2029-11-11,D00,type2,5
1775,2029-11-11,D00,type3,4
1776,2029-11-12,D00,type0,0
1776,2029-11-12,D00,type1,2
1776,2029-11-12,D00,type2,3
1776,2029-11-12,D00,type3,1
1777,2029-11-13,D00,type0,1
1777,2029-11-13,D00,type1,4
1777,2029-11-13,D00,type2,6
1777,2029-11-13,D00,type3,2
1778,2029-11-14,D00,type0,2
1778,2029-11-14,D00,type1,2
1778,2029-11-14,D00,type2,1
1778,2029-11-14,D00,type3,2
1779,2029-11-15,D00,type0,2
1779,2029-11-15,D00,type1,4
1779,2029-11-15,D00,type2,2
1779,2029-11-15,D00,type3,3
1780,2029-11-16,D00,type0,1
1780,2029-11-16,D00,type1,3
1780,2029-11-16,D00,type2,3
1780,2029-11-16,D00,type3,2
1781,2029-11-17,D00,type0,4
1781,2029-11-17,D00,type1,3
1781,2029-11-17,D00,type2,6
1781,2029-11-17,D00,type3,1
1782,2029-11-18,D00,type0,0
1782,2029-11-18,D00,type1,3
1782,2029-11-18,D00,type2,7
1782,2029-11-18,D00,type3,2
1783,2029-11-19,D00,type0,0
1783,2029-11-19,D00,type1,1
1783,2029-11-19,D00,type2,3
1783,2029-11-19,D00,type3,3
1784,2029-11-20,D00,type0,3
1784,2029-11-20,D00,type1,6
1784,2029-11-20,D00,type2,2
1784,2029-11-20,D00,type3,4
1785,2029-11-21,D00,type0,3
1785,2029-11-21,D00,type1,2
1785,2029-11-21,D00,type2,5
1785,2029-11-21,D00,type3,4
1786,2029-11-22,D00,type0,1
1786,2029-11-22,D00,type1,3
1786,2029-11-22,D00,type2,3
1786,2029-11-22,D00,type3,2
1787,2029-11-23,D00,type0,0
1787,2029-11-23,D00,type1,1
1787,2029-11-23,D00,type2,4
1787,2029-11-23,D00,type3,1
1788,2029-11-24,D00,type0,0
1788,2029-11-24,D00,type1,6
1788,2029-11-24,D00,type2,2
1788,2029-11-24,D00,type3,4
1789,2029-11-25,D00,type0,2
1789,2029-11-25,D00,type1,0
1789,2029-11-25,D00,type2,5
1789,2029-11-25,D00,type3,3
1790,2029-11-26,D00,type0,0
1790,2029-11-26,D00,type1,4
1790,2029-11-26,D00,type2,7
1790,2029-11-26,D00,type3,2
1791,2029-11-27,D00,type0,2
1791,2029-11-27,D00,type1,3
1791,2029-11-27,D00,type2,7
1791,2029-11-27,D00,type3,4
1792,2029-11-28,D00,type0,1
1792,2029-11-28,D00,type1,1
1792,2029-11-28,D00,type2,2
1792,2029-11-28,D00,type3,2
1793,2029-11-29,D00,type0,2
1793,2029-11-29,D00,type1,4
1793,2029-11-29,D00,type2,2
1793,2029-11-29,D00,type3,1
1794,2029-11-30,D00,type0,1
1794,2029-11-30,D00,type1,5
1794,2029-11-30,D00,type2,4
1794,2029-11-30,D00,type3,1
1795,2029-12-01,D00,type0,0
1795,2029-12-01,D00,type1,2
1795,2029-12-01,D00,type2,4
1795,2029-12-01,D00,type3,7
1796,2029-12-02,D00,type0,0
1796,2029-12-02,D00,type1,4
1796,2029-12-02,D00,type2,9
1796,2029-12-02,D00,type3,4
1797,2029-12-03,D00,type0,0
1797,2029-12-03,D00,type1,2
1797,2029-12-03,D00,type2,3
1797,2029-12-03,D00,type3,3
1798,2029-12-04,D00,type0,1
1798,2029-12-04,D00,type1,6
1798,2029-12-04,D00,type2,4
1798,2029-12-04,D00,type3,1
1799,2029-12-05,D00,type0,2
1799,2029-12-05,D00,type1,2
1799,2029-12-05,D00,type2,2
1799,2029-12-05,D00,type3,2
1800,2029-12-06,D00,type0,2
1800,2029-12-06,D00,type1,2
1800,2029-12-06,D00,type2,3
1800,2029-12-06,D00,type3,2
1801,2029-12-07,D00,type0,2
1801,2029-12-07,D00,type1,5
1801,2029-12-07,D00,type2,6
1801,2029-12-07,D00,type3,2
1802,2029-12-08,D00,type0,1
1802,2029-12-08,D00,type1,3
1802,2029-12-08,D00,type2,2
1802,2029-12-08,D00,type3,2
1803,2029-12-09,D00,type0,1
1803,2029-12-09,D00,type1,2
1803,2029-12-09,D00,type2,8
1803,2029-12-09,D00,type3,4
1804,2029-12-10,D00,type0,1
1804,2029-12-10,D00,type1,4
1804,2029-12-10,D00,type2,3
1804,2029-12-10,D00,type3,0
1805,2029-12-11,D00,type0,2
1805,2029-12-11,D00,type1,2
1805,2029-12-11,D00,type2,2
1805,2029-12-11,D00,type3,4
1806,2029-12-12,D00,type0,0
1806,2029-12-12,D00,type1,1
1806,2029-12-12,D00,type2,5
1806,2029-12-12,D00,type3,5
1807,2029-12-13,D00,type0,1
1807,2029-12-13,D00,type1,2
1807,2029-12-13,D00,type2,8
1807,2029-12-13,D00,type3,2
1808,2029-12-14,D00,type0,2
1808,2029-12-14,D00,type1,5
1808,2029-12-14,D00,type2,2
1808,2029-12-14,D00,type3,6
1809,2029-12-15,D00,type0,2
1809,2029-12-15,D00,type1,6
1809,2029-12-15,D00,type2,8
1809,2029-12-15,D00,type3,3
1810,2029-12-16,D00,type0,2
1810,2029-12-16,D00,type1,6
1810,2029-12-16,D00,type2,6
1810,2029-12-16,D00,type3,6
1811,2029-12-17,D00,type0,2
1811,2029-12-17,D00,type1,3
1811,2029-12-17,D00,type2,3
1811,2029-12-17,D00,type3,4
1812,2029-12-18,D00,type0,1
1812,2029-12-18,D00,type1,4
1812,2029-12-18,D00,type2,4
1812,2029-12-18,D00,type3,1
1813,2029-12-19,D00,type0,1
1813,2029-12-19,D00,type1,2
1813,2029-12-19,D00,type2,3
1813,2029-12-19,D00,type3,4
1814,2029-12-20,D00,type0,1
1814,2029-12-20,D00,type1,1
1814,2029-12-20,D00,type2,5
1814,2029-12-20,D00,type3,1
1815,2029-12-21,D00,type0,2
1815,2029-12-21,D00,type1,7
1815,2029-12-21,D00,type2,4
1815,2029-12-21,D00,type3,3
1816,2029-12-22,D00,type0,0
1816,2029-12-22,D00,type1,4
1816,2029-12-22,D00,type2,7
1816,2029-12-22,D00,type3,4
1817,2029-12-23,D00,type0,3
1817,2029-12-23,D00,type1,6
1817,2029-12-23,D00,type2,2
1817,2029-12-23,D00,type3,2
1818,2029-12-24,D00,type0,1
1818,2029-12-24,D00,type1,3
1818,2029-12-24,D00,type2,6
1818,2029-12-24,D00,type3,8
1819,2029-12-25,D00,type0,1
1819,2029-12-25,D00,type1,2
1819,2029-12-25,D00,type2,1
1819,2029-12-25,D00,type3,6
1820,2029-12-26,D00,type0,1
1820,2029-12-26,D00,type1,7
1820,2029-12-26,D00,type2,0
1820,2029-12-26,D00,type3,3
1821,2029-12-27,D00,type0,0
1821,2029-12-27,D00,type1,2
1821,2029-12-27,D00,type2,5
1821,2029-12-27,D00,type3,5
1822,2029-12-28,D00,type0,0
1822,2029-12-28,D00,type1,1
1822,2029-12-28,D00,type2,1
1822,2029-12-28,D00,type3,3
1823,2029-12-29,D00,type0,0
1823,2029-12-29,D00,type1,6
1823,2029-12-29,D00,type2,5
1823,2029-12-29,D00,type3,3
1824,2029-12-30,D00,type0,3
1824,2029-12-30,D00,type1,4
1824,2029-12-30,D00,type2,3
1824,2029-12-30,D00,type3,1
1825,2029-12-31,D00,type0,2
1825,2029-12-31,D00,type1,1
1825,2029-12-31,D00,type2,5
1825,2029-12-31,D00,type3,6
1826,2030-01-01,D00,type0,3
1826,2030-01-01,D00,type1,6
1826,2030-01-01,D00,type2,4
1826,2030-01-01,D00,type3,6
1827,2030-01-02,D00,type0,2
1827,2030-01-02,D00,type1,2
1827,2030-01-02,D00,type2,7
1827,2030-01-02,D00,type3,4
1828,2030-01-03,D00,type0,2
1828,2030-01-03,D00,type1,4
1828,2030-01-03,D00,type2,4
1828,2030-01-03,D00,type3,6
1829,2030-01-04,D00,type0,3
1829,2030-01-04,D00,type1,5
1829,2030-01-04,D00,type2,5
1829,2030-01-04,D00,type3,5
1830,2030-01-05,D00,type0,3
1830,2030-01-05,D00,type1,3
1830,2030-01-05,D00,type2,6
1830,2030-01-05,D00,type3,5
1831,2030-01-06,D00,type0,0
1831,2030-01-06,D00,type1,7
1831,2030-01-06,D00,type2,5
1831,2030-01-06,D00,type3,3
1832,2030-01-07,D00,type0,0
1832,2030-01-07,D00,type1,1
1832,2030-01-07,D00,type2,5
1832,2030-01-07,D00,type3,4
1833,2030-01-08,D00,type0,1
1833,2030-01-08,D00,type1,3
1833,2030-01-08,D00,type2,5
1833,2030-01-08,D00,type3,3
1834,2030-01-09,D00,type0,0
1834,2030-01-09,D00,type1,2
1834,2030-01-09,D00,type2,2
1834,2030-01-09,D00,type3,5
1835,2030-01-10,D00,type0,1
1835,2030-01-10,D00,type1,4
1835,2030-01-10,D00,type2,3
1835,2030-01-10,D00,type3,3
1836,2030-01-11,D00,type0,1
1836,2030-01-11,D00,type1,8
1836,2030-01-11,D00,type2,5
1836,2030-01-11,D00,type3,4
1837,2030-01-12,D00,type0,2
1837,2030-01-12,D00,type1,4
1837,2030-01-12,D00,type2,4
1837,2030-01-12,D00,type3,0
1838,2030-01-13,D00,type0,2
1838,2030-01-13,D00,type1,9
1838,2030-01-13,D00,type2,3
1838,2030-01-13,D00,type3,6
1839,2030-01-14,D00,type0,1
1839,2030-01-14,D00,type1,2
1839,2030-01-14,D00,type2,7
1839,2030-01-14,D00,type3,4
1840,2030-01-15,D00,type0,1
1840,2030-01-15,D00,type1,4
1840,2030-01-15,D00,type2,3
1840,2030-01-15,D00,type3,1
1841,2030-01-16,D00,type0,1
1841,2030-01-16,D00,type1,2
1841,2030-01-16,D00,type2,3
1841,2030-01-16,D00,type3,4
1842,2030-01-17,D00,type0,2
1842,2030-01-17,D00,type1,4
1842,2030-01-17,D00,type2,7
1842,2030-01-17,D00,type3,5
1843,2030-01-18,D00,type0,0
1843,2030-01-18,D00,type1,7
1843,2030-01-18,D00,type2,4
1843,2030-01-18,D00,type3,1
1844,2030-01-19,D00,type0,0
1844,2030-01-19,D00,type1,8
1844,2030-01-19,D00,type2,5
1844,2030-01-19,D00,type3,2
1845,2030-01-20,D00,type0,0
1845,2030-01-20,D00,type1,1
1845,2030-01-20,D00,type2,3
1845,2030-01-20,D00,type3,8
1846,2030-01-21,D00,type0,0
1846,2030-01-21,D00,type1,5
1846,2030-01-21,D00,type2,1
1846,2030-01-21,D00,type3,1
1847,2030-01-22,D00,type0,1
1847,2030-01-22,D00,type1,2
1847,2030-01-22,D00,type2,3
1847,2030-01-22,D00,type3,2
1848,2030-01-23,D00,type0,3
1848,2030-01-23,D00,type1,3
1848,2030-01-23,D00,type2,4
1848,2030-01-23,D00,type3,2
1849,2030-01-24,D00,type0,2
1849,2030-01-24,D00,type1,4
1849,2030-01-24,D00,type2,4
1849,2030-01-24,D00,type3,2
1850,2030-01-25,D00,type0,1
1850,2030-01-25,D00,type1,5
1850,2030-01-25,D00,type2,4
1850,2030-01-25,D00,type3,5
1851,2030-01-26,D00,type0,1
1851,2030-01-26,D00,type1,6
1851,2030-01-26,D00,type2,4
1851,2030-01-26,D00,type3,5
1852,2030-01-27,D00,type0,0
1852,2030-01-27,D00,type1,2
1852,2030-01-27,D00,type2,1
1852,2030-01-27,D00,type3,6
1853,2030-01-28,D00,type0,1
1853,2030-01-28,D00,type1,4
1853,2030-01-28,D00,type2,5
1853,2030-01-28,D00,type3,2
1854,2030-01-29,D00,type0,0
1854,2030-01-29,D00,type1,2
1854,2030-01-29,D00,type2,2
1854,2030-01-29,D00,type3,2
1855,2030-01-30,D00,type0,2
1855,2030-01-30,D00,type1,4
1855,2030-01-30,D00,type2,4
1855,2030-01-30,D00,type3,4
1856,2030-01-31,D00,type0,1
1856,2030-01-31,D00,type1,2
1856,2030-01-31,D00,type2,3
1856,2030-01-31,D00,type3,8
1857,2030-02-01,D00,type0,2
1857,2030-02-01,D00,type1,2
1857,2030-02-01,D00,type2,6
1857,2030-02-01,D00,type3,6
1858,2030-02-02,D00,type0,2
1858,2030-02-02,D00,type1,1
1858,2030-02-02,D00,type2,3
1858,2030-02-02,D00,type3,2
1859,2030-02-03,D00,type0,1
1859,2030-02-03,D00,type1,1
1859,2030-02-03,D00,type2,5
1859,2030-02-03,D00,type3,5
1860,2030-02-04,D00,type0,2
1860,2030-02-04,D00,type1,3
1860,2030-02-04,D00,type2,2
1860,2030-02-04,D00,type3,4
1861,2030-02-05,D00,type0,1
1861,2030-02-05,D00,type1,3
1861,2030-02-05,D00,type2,4
1861,2030-02-05,D00,type3,4
1862,2030-02-06,D00,type0,3
1862,2030-02-06,D00,type1,1
1862,2030-02-06,D00,type2,3
1862,2030-02-06,D00,type3,4
1863,2030-02-07,D00,type0,0
1863,2030-02-07,D00,type1,8
1863,2030-02-07,D00,type2,7
1863,2030-02-07,D00,type3,6
1864,2030-02-08,D00,type0,3
1864,2030-02-08,D00,type1,2
1864,2030-02-08,D00,type2,4
1864,2030-02-08,D00,type3,4
1865,2030-02-09,D00,type0,3
1865,2030-02-09,D00,type1,1
1865,2030-02-09,D00,type2,3
1865,2030-02-09,D00,type3,3
1866,2030-02-10,D00,type0,2
1866,2030-02-10,D00,type1,3
1866,2030-02-10,D00,type2,4
1866,2030-02-10,D00,type3,1
1867,2030-02-11,D00,type0,0
1867,2030-02-11,D00,type1,3
1867,2030-02-11,D00,type2,2
1867,2030-02-11,D00,type3,6
1868,2030-02-12,D00,type0,1
1868,2030-02-12,D00,type1,2
1868,2030-02-12,D00,type2,5
1868,2030-02-12,D00,type3,4
1869,2030-02-13,D00,type0,0
1869,2030-02-13,D00,type1,1
1869,2030-02-13,D00,type2,5
1869,2030-02-13,D00,type3,0
1870,2030-02-14,D00,type0,2
1870,2030-02-14,D00,type1,4
1870,2030-02-14,D00,type2,6
1870,2030-02-14,D00,type3,5
1871,2030-02-15,D00,type0,3
1871,2030-02-15,D00,type1,3
1871,2030-02-15,D00,type2,3
1871,2030-02-15,D00,type3,4
1872,2030-02-16,D00,type0,1
1872,2030-02-16,D00,type1,1
1872,2030-02-16,D00,type2,2
1872,2030-02-16,D00,type3,1
1873,2030-02-17,D00,type0,2
1873,2030-02-17,D00,type1,3
1873,2030-02-17,D00,type2,1
1873,2030-02-17,D00,type3,1
1874,2030-02-18,D00,type0,0
1874,2030-02-18,D00,type1,2
1874,2030-02-18,D00,type2,3
1874,2030-02-18,D00,type3,2
1875,2030-02-19,D00,type0,1
1875,2030-02-19,D00,type1,3
1875,2030-02-19,D00,type2,4
1875,2030-02-19,D00,type3,5
1876,2030-02-20,D00,type0,0
1876,2030-02-20,D00,type1,4
1876,2030-02-20,D00,type2,5
1876,2030-02-20,D00,type3,3
1877,2030-02-21,D00,type0,1
1877,2030-02-21,D00,type1,3
1877,2030-02-21,D00,type2,6
1877,2030-02-21,D00,type3,4
1878,2030-02-22,D00,type0,0
1878,2030-02-22,D00,type1,1
1878,2030-02-22,D00,type2,4
1878,2030-02-22,D00,type3,4
1879,2030-02-23,D00,type0,3
1879,2030-02-23,D00,type1,1
1879,2030-02-23,D00,type2,4
1879,2030-02-23,D00,type3,5
1880,2030-02-24,D00,type0,0
1880,2030-02-24,D00,type1,3
1880,2030-02-24,D00,type2,2
1880,2030-02-24,D00,type3,1
1881,2030-02-25,D00,type0,1
1881,2030-02-25,D00,type1,2
1881,2030-02-25,D00,type2,3
1881,2030-02-25,D00,type3,1
1882,2030-02-26,D00,type0,0
1882,2030-02-26,D00,type1,3
1882,2030-02-26,D00,type2,1
1882,2030-02-26,D00,type3,3
1883,2030-02-27,D00,type0,0
1883,2030-02-27,D00,type1,5
1883,2030-02-27,D00,type2,4
1883,2030-02-27,D00,type3,2
1884,2030-02-28,D00,type0,5
1884,2030-02-28,D00,type1,3
1884,2030-02-28,D00,type2,3
1884,2030-02-28,D00,type3,5
1885,2030-03-01,D00,type0,1
1885,2030-03-01,D00,type1,1
1885,2030-03-01,D00,type2,6
1885,2030-03-01,D00,type3,6
1886,2030-03-02,D00,type0,0
1886,2030-03-02,D00,type1,4
1886,2030-03-02,D00,type2,3
1886,2030-03-02,D00,type3,3
1887,2030-03-03,D00,type0,0
1887,2030-03-03,D00,type1,1
1887,2030-03-03,D00,type2,1
1887,2030-03-03,D00,type3,4
1888,2030-03-04,D00,type0,0
1888,2030-03-04,D00,type1,4
1888,2030-03-04,D00,type2,7
1888,2030-03-04,D00,type3,2
1889,2030-03-05,D00,type0,1
1889,2030-03-05,D00,type1,1
1889,2030-03-05,D00,type2,4
1889,2030-03-05,D00,type3,0
1890,2030-03-06,D00,type0,1
1890,2030-03-06,D00,type1,2
1890,2030-03-06,D00,type2,1
1890,2030-03-06,D00,type3,4
1891,2030-03-07,D00,type0,2
1891,2030-03-07,D00,type1,1
1891,2030-03-07,D00,type2,4
1891,2030-03-07,D00,type3,1
1892,2030-03-08,D00,type0,3
1892,2030-03-08,D00,type1,1
1892,2030-03-08,D00,type2,6
1892,2030-03-08,D00,type3,3
1893,2030-03-09,D00,type0,2
1893,2030-03-09,D00,type1,1
1893,2030-03-09,D00,type2,4
1893,2030-03-09,D00,type3,2
1894,2030-03-10,D00,type0,1
1894,2030-03-10,D00,type1,2
1894,2030-03-10,D00,type2,5
1894,2030-03-10,D00,type3,1
1895,2030-03-11,D00,type0,1
1895,2030-03-11,D00,type1,1
1895,2030-03-11,D00,type2,6
1895,2030-03-11,D00,type3,1
1896,2030-03-12,D00,type0,3
1896,2030-03-12,D00,type1,2
1896,2030-03-12,D00,type2,6
1896,2030-03-12,D00,type3,4
1897,2030-03-13,D00,type0,0
1897,2030-03-13,D00,type1,3
1897,2030-03-13,D00,type2,4
1897,2030-03-13,D00,type3,5
1898,2030-03-14,D00,type0,1
1898,2030-03-14,D00,type1,0
1898,2030-03-14,D00,type2,5
1898,2030-03-14,D00,type3,2
1899,2030-03-15,D00,type0,0
1899,2030-03-15,D00,type1,2
1899,2030-03-15,D00,type2,4
1899,2030-03-15,D00,type3,1
1900,2030-03-16,D00,type0,1
1900,2030-03-16,D00,type1,2
1900,2030-03-16,D00,type2,4
1900,2030-03-16,D00,type3,1
1901,2030-03-17,D00,type0,2
1901,2030-03-17,D00,type1,3
1901,2030-03-17,D00,type2,2
1901,2030-03-17,D00,type3,2
1902,2030-03-18,D00,type0,1
1902,2030-03-18,D00,type1,2
1902,2030-03-18,D00,type2,7
1902,2030-03-18,D00,type3,0
1903,2030-03-19,D00,type0,4
1903,2030-03-19,D00,type1,4
1903,2030-03-19,D00,type2,5
1903,2030-03-19,D00,type3,0
1904,2030-03-20,D00,type0,0
1904,2030-03-20,D00,type1,0
1904,2030-03-20,D00,type2,5
1904,2030-03-20,D00,type3,3
1905,2030-03-21,D00,type0,1
1905,2030-03-21,D00,type1,3
1905,2030-03-21,D00,type2,8
1905,2030-03-21,D00,type3,1
1906,2030-03-22,D00,type0,2
1906,2030-03-22,D00,type1,0
1906,2030-03-22,D00,type2,3
1906,2030-03-22,D00,type3,1
1907,2030-03-23,D00,type0,2
1907,2030-03-23,D00,type1,0
1907,2030-03-23,D00,type2,5
1907,2030-03-23,D00,type3,3
1908,2030-03-24,D00,type0,0
1908,2030-03-24,D00,type1,0
1908,2030-03-24,D00,type2,4
1908,2030-03-24,D00,type3,2
1909,2030-03-25,D00,type0,2
1909,2030-03-25,D00,type1,1
1909,2030-03-25,D00,type2,0
1909,2030-03-25,D00,type3,0
1910,2030-03-26,D00,type0,2
1910,2030-03-26,D00,type1,1
1910,2030-03-26,D00,type2,4
1910,2030-03-26,D00,type3,4
1911,2030-03-27,D00,type0,3
1911,2030-03-27,D00,type1,1
1911,2030-03-27,D00,type2,7
1911,2030-03-27,D00,type3,1
1912,2030-03-28,D00,type0,1
1912,2030-03-28,D00,type1,1
1912,2030-03-28,D00,type2,2
1912,2030-03-28,D00,type3,2
1913,2030-03-29,D00,type0,4
1913,2030-03-29,D00,type1,2
1913,2030-03-29,D00,type2,4
1913,2030-03-29,D00,type3,0
1914,2030-03-30,D00,type0,2
1914,2030-03-30,D00,type1,1
1914,2030-03-30,D00,type2,4
1914,2030-03-30,D00,type3,4
1915,2030-03-31,D00,type0,1
1915,2030-03-31,D00,type1,2
1915,2030-03-31,D00,type2,3
1915,2030-03-31,D00,type3,1
1916,2030-04-01,D00,type0,1
1916,2030-04-01,D00,type1,3
1916,2030-04-01,D00,type2,2
1916,2030-04-01,D00,type3,2
1917,2030-04-02,D00,type0,0
1917,2030-04-02,D00,type1,0
1917,2030-04-02,D00,type2,4
1917,2030-04-02,D00,type3,1
1918,2030-04-03,D00,type0,2
1918,2030-04-03,D00,type1,1
1918,2030-04-03,D00,type2,9
1918,2030-04-03,D00,type3,2
1919,2030-04-04,D00,type0,2
1919,2030-04-04,D00,type1,1
1919,2030-04-04,D00,type2,5
1919,2030-04-04,D00,type3,2
1920,2030-04-05,D00,type0,0
1920,2030-04-05,D00,type1,1
1920,2030-04-05,D00,type2,3
1920,2030-04-05,D00,type3,0
1921,2030-04-06,D00,type0,1
1921,2030-04-06,D00,type1,1
1921,2030-04-06,D00,type2,2
1921,2030-04-06,D00,type3,1
1922,2030-04-07,D00,type0,0
1922,2030-04-07,D00,type1,1
1922,2030-04-07,D00,type2,9
1922,2030-04-07,D00,type3,3
1923,2030-04-08,D00,type0,0
1923,2030-04-08,D00,type1,7
1923,2030-04-08,D00,type2,3
1923,2030-04-08,D00,type3,3
1924,2030-04-09,D00,type0,1
1924,2030-04-09,D00,type1,0
1924,2030-04-09,D00,type2,4
1924,2030-04-09,D00,type3,3
1925,2030-04-10,D00,type0,0
1925,2030-04-10,D00,type1,3
1925,2030-04-10,D00,type2,3
1925,2030-04-10,D00,type3,0
1926,2030-04-11,D00,type0,2
1926,2030-04-11,D00,type1,3
1926,2030-04-11,D00,type2,3
1926,2030-04-11,D00,type3,1
1927,2030-04-12,D00,type0,2
1927,2030-04-12,D00,type1,5
1927,2030-04-12,D00,type2,4
1927,2030-04-12,D00,type3,1
1928,2030-04-13,D00,type0,0
1928,2030-04-13,D00,type1,1
1928,2030-04-13,D00,type2,7
1928,2030-04-13,D00,type3,2
1929,2030-04-14,D00,type0,1
1929,2030-04-14,D00,type1,2
1929,2030-04-14,D00,type2,5
1929,2030-04-14,D00,type3,0
1930,2030-04-15,D00,type0,7
1930,2030-04-15,D00,type1,1
1930,2030-04-15,D00,type2,9
1930,2030-04-15,D00,type3,2
1931,2030-04-16,D00,type0,1
1931,2030-04-16,D00,type1,1
1931,2030-04-16,D00,type2,2
1931,2030-04-16,D00,type3,0
1932,2030-04-17,D00,type0,1
1932,2030-04-17,D00,type1,2
1932,2030-04-17,D00,type2,2
1932,2030-04-17,D00,type3,1
1933,2030-04-18,D00,type0,0
1933,2030-04-18,D00,type1,2
1933,2030-04-18,D00,type2,2
1933,2030-04-18,D00,type3,1
1934,2030-04-19,D00,type0,1
1934,2030-04-19,D00,type1,3
1934,2030-04-19,D00,type2,4
1934,2030-04-19,D00,type3,1
1935,2030-04-20,D00,type0,1
1935,2030-04-20,D00,type1,3
1935,2030-04-20,D00,type2,3
1935,2030-04-20,D00,type3,2
1936,2030-04-21,D00,type0,0
1936,2030-04-21,D00,type1,0
1936,2030-04-21,D00,type2,6
1936,2030-04-21,D00,type3,2
1937,2030-04-22,D00,type0,0
1937,2030-04-22,D00,type1,0
1937,2030-04-22,D00,type2,6
1937,2030-04-22,D00,type3,2
1938,2030-04-23,D00,type0,0
1938,2030-04-23,D00,type1,1
1938,2030-04-23,D00,type2,6
1938,2030-04-23,D00,type3,1
1939,2030-04-24,D00,type0,1
1939,2030-04-24,D00,type1,1
1939,2030-04-24,D00,type2,2
1939,2030-04-24,D00,type3,3
1940,2030-04-25,D00,type0,2
1940,2030-04-25,D00,type1,5
1940,2030-04-25,D00,type2,5
1940,2030-04-25,D00,type3,1
1941,2030-04-26,D00,type0,1
1941,2030-04-26,D00,type1,1
1941,2030-04-26,D00,type2,2
1941,2030-04-26,D00,type3,4
1942,2030-04-27,D00,type0,2
1942,2030-04-27,D00,type1,3
1942,2030-04-27,D00,type2,1
1942,2030-04-27,D00,type3,1
1943,2030-04-28,D00,type0,3
1943,2030-04-28,D00,type1,2
1943,2030-04-28,D00,type2,1
1943,2030-04-28,D00,type3,0
1944,2030-04-29,D00,type0,1
1944,2030-04-29,D00,type1,1
1944,2030-04-29,D00,type2,4
1944,2030-04-29,D00,type3,1
1945,2030-04-30,D00,type0,6
1945,2030-04-30,D00,type1,1
1945,2030-04-30,D00,type2,6
1945,2030-04-30,D00,type3,2
1946,2030-05-01,D00,type0,1
1946,2030-05-01,D00,type1,1
1946,2030-05-01,D00,type2,3
1946,2030-05-01,D00,type3,2
1947,2030-05-02,D00,type0,3
1947,2030-05-02,D00,type1,1
1947,2030-05-02,D00,type2,5
1947,2030-05-02,D00,type3,1
1948,2030-05-03,D00,type0,2
1948,2030-05-03,D00,type1,0
1948,2030-05-03,D00,type2,6
1948,2030-05-03,D00,type3,1
1949,2030-05-04,D00,type0,1
1949,2030-05-04,D00,type1,2
1949,2030-05-04,D00,type2,5
1949,2030-05-04,D00,type3,2
1950,2030-05-05,D00,type0,1
1950,2030-05-05,D00,type1,2
1950,2030-05-05,D00,type2,1
1950,2030-05-05,D00,type3,1
1951,2030-05-06,D00,type0,3
1951,2030-05-06,D00,type1,3
1951,2030-05-06,D00,type2,1
1951,2030-05-06,D00,type3,0
1952,2030-05-07,D00,type0,2
1952,2030-05-07,D00,type1,2
1952,2030-05-07,D00,type2,1
1952,2030-05-07,D00,type3,1
1953,2030-05-08,D00,type0,2
1953,2030-05-08,D00,type1,2
1953,2030-05-08,D00,type2,3
1953,2030-05-08,D00,type3,2
1954,2030-05-09,D00,type0,0
1954,2030-05-09,D00,type1,0
1954,2030-05-09,D00,type2,2
1954,2030-05-09,D00,type3,2
1955,2030-05-10,D00,type0,1
1955,2030-05-10,D00,type1,3
1955,2030-05-10,D00,type2,4
1955,2030-05-10,D00,type3,0
1956,2030-05-11,D00,type0,0
1956,2030-05-11,D00,type1,4
1956,2030-05-11,D00,type2,2
1956,2030-05-11,D00,type3,0
1957,2030-05-12,D00,type0,4
1957,2030-05-12,D00,type1,2
1957,2030-05-12,D00,type2,4
1957,2030-05-12,D00,type3,1
1958,2030-05-13,D00,type0,1
1958,2030-05-13,D00,type1,0
1958,2030-05-13,D00,type2,7
1958,2030-05-13,D00,type3,0
1959,2030-05-14,D00,type0,0
1959,2030-05-14,D00,type1,2
1959,2030-05-14,D00,type2,7
1959,2030-05-14,D00,type3,2
1960,2030-05-15,D00,type0,1
1960,2030-05-15,D00,type1,2
1960,2030-05-15,D00,type2,4
1960,2030-05-15,D00,type3,1
1961,2030-05-16,D00,type0,0
1961,2030-05-16,D00,type1,3
1961,2030-05-16,D00,type2,0
1961,2030-05-16,D00,type3,0
1962,2030-05-17,D00,type0,2
1962,2030-05-17,D00,type1,0
1962,2030-05-17,D00,type2,6
1962,2030-05-17,D00,type3,0
1963,2030-05-18,D00,type0,0
1963,2030-05-18,D00,type1,0
1963,2030-05-18,D00,type2,5
1963,2030-05-18,D00,type3,0
1964,2030-05-19,D00,type0,1
1964,2030-05-19,D00,type1,1
1964,2030-05-19,D00,type2,5
1964,2030-05-19,D00,type3,0
1965,2030-05-20,D00,type0,1
1965,2030-05-20,D00,type1,1
1965,2030-05-20,D00,type2,4
1965,2030-05-20,D00,type3,1
1966,2030-05-21,D00,type0,0
1966,2030-05-21,D00,type1,3
1966,2030-05-21,D00,type2,2
1966,2030-05-21,D00,type3,1
1967,2030-05-22,D00,type0,0
1967,2030-05-22,D00,type1,0
1967,2030-05-22,D00,type2,5
1967,2030-05-22,D00,type3,3
1968,2030-05-23,D00,type0,0
1968,2030-05-23,D00,type1,4
1968,2030-05-23,D00,type2,6
1968,2030-05-23,D00,type3,2
1969,2030-05-24,D00,type0,1
1969,2030-05-24,D00,type1,1
1969,2030-05-24,D00,type2,3
1969,2030-05-24,D00,type3,0
1970,2030-05-25,D00,type0,0
1970,2030-05-25,D00,type1,1
1970,2030-05-25,D00,type2,2
1970,2030-05-25,D00,type3,2
1971,2030-05-26,D00,type0,0
1971,2030-05-26,D00,type1,1
1971,2030-05-26,D00,type2,4
1971,2030-05-26,D00,type3,2
1972,2030-05-27,D00,type0,2
1972,2030-05-27,D00,type1,4
1972,2030-05-27,D00,type2,5
1972,2030-05-27,D00,type3,1
1973,2030-05-28,D00,type0,1
1973,2030-05-28,D00,type1,1
1973,2030-05-28,D00,type2,3
1973,2030-05-28,D00,type3,3
1974,2030-05-29,D00,type0,2
1974,2030-05-29,D00,type1,3
1974,2030-05-29,D00,type2,4
1974,2030-05-29,D00,type3,1
1975,2030-05-30,D00,type0,1
1975,2030-05-30,D00,type1,4
1975,2030-05-30,D00,type2,5
1975,2030-05-30,D00,type3,1
1976,2030-05-31,D00,type0,0
1976,2030-05-31,D00,type1,1
1976,2030-05-31,D00,type2,3
1976,2030-05-31,D00,type3,1
1977,2030-06-01,D00,type0,0
1977,2030-06-01,D00,type1,1
1977,2030-06-01,D00,type2,3
1977,2030-06-01,D00,type3,4
1978,2030-06-02,D00,type0,2
1978,2030-06-02,D00,type1,3
1978,2030-06-02,D00,type2,4
1978,2030-06-02,D00,type3,1
1979,2030-06-03,D00,type0,3
1979,2030-06-03,D00,type1,3
1979,2030-06-03,D00,type2,3
1979,2030-06-03,D00,type3,1
1980,2030-06-04,D00,type0,0
1980,2030-06-04,D00,type1,2
1980,2030-06-04,D00,type2,3
1980,2030-06-04,D00,type3,0
1981,2030-06-05,D00,type0,1
1981,2030-06-05,D00,type1,4
1981,2030-06-05,D00,type2,4
1981,2030-06-05,D00,type3,3
1982,2030-06-06,D00,type0,0
1982,2030-06-06,D00,type1,2
1982,2030-06-06,D00,type2,4
1982,2030-06-06,D00,type3,0
1983,2030-06-07,D00,type0,1
1983,2030-06-07,D00,type1,1
1983,2030-06-07,D00,type2,4
1983,2030-06-07,D00,type3,0
1984,2030-06-08,D00,type0,1
1984,2030-06-08,D00,type1,2
1984,2030-06-08,D00,type2,5
1984,2030-06-08,D00,type3,1
1985,2030-06-09,D00,type0,2
1985,2030-06-09,D00,type1,3
1985,2030-06-09,D00,type2,4
1985,2030-06-09,D00,type3,1
1986,2030-06-10,D00,type0,0
1986,2030-06-10,D00,type1,1
1986,2030-06-10,D00,type2,3
1986,2030-06-10,D00,type3,3
1987,2030-06-11,D00,type0,1
1987,2030-06-11,D00,type1,1
1987,2030-06-11,D00,type2,7
1987,2030-06-11,D00,type3,3
1988,2030-06-12,D00,type0,1
1988,2030-06-12,D00,type1,4
1988,2030-06-12,D00,type2,3
1988,2030-06-12,D00,type3,0
1989,2030-06-13,D00,type0,1
1989,2030-06-13,D00,type1,2
1989,2030-06-13,D00,type2,7
1989,2030-06-13,D00,type3,0
1990,2030-06-14,D00,type0,1
1990,2030-06-14,D00,type1,3
1990,2030-06-14,D00,type2,6
1990,2030-06-14,D00,type3,2
1991,2030-06-15,D00,type0,1
1991,2030-06-15,D00,type1,2
1991,2030-06-15,D00,type2,6
1991,2030-06-15,D00,type3,2
1992,2030-06-16,D00,type0,1
1992,2030-06-16,D00,type1,2
1992,2030-06-16,D00,type2,8
1992,2030-06-16,D00,type3,1
1993,2030-06-17,D00,type0,0
1993,2030-06-17,D00,type1,1
1993,2030-06-17,D00,type2,6
1993,2030-06-17,D00,type3,3
1994,2030-06-18,D00,type0,3
1994,2030-06-18,D00,type1,4
1994,2030-06-18,D00,type2,2
1994,2030-06-18,D00,type3,1
1995,2030-06-19,D00,type0,1
1995,2030-06-19,D00,type1,6
1995,2030-06-19,D00,type2,5
1995,2030-06-19,D00,type3,0
1996,2030-06-20,D00,type0,3
1996,2030-06-20,D00,type1,5
1996,2030-06-20,D00,type2,7
1996,2030-06-20,D00,type3,0
1997,2030-06-21,D00,type0,1
1997,2030-06-21,D00,type1,1
1997,2030-06-21,D00,type2,4
1997,2030-06-21,D00,type3,1
1998,2030-06-22,D00,type0,1
1998,2030-06-22,D00,type1,3
1998,2030-06-22,D00,type2,3
1998,2030-06-22,D00,type3,0
1999,2030-06-23,D00,type0,3
1999,2030-06-23,D00,type1,1
1999,2030-06-23,D00,type2,3
1999,2030-06-23,D00,type3,0
2000,2030-06-24,D00,type0,1
2000,2030-06-24,D00,type1,2
2000,2030-06-24,D00,type2,2
2000,2030-06-24,D00,type3,1
2001,2030-06-25,D00,type0,1
2001,2030-06-25,D00,type1,6
2001,2030-06-25,D00,type2,7
2001,2030-06-25,D00,type3,0
2002,2030-06-26,D00,type0,0
2002,2030-06-26,D00,type1,1
2002,2030-06-26,D00,type2,0
2002,2030-06-26,D00,type3,0
2003,2030-06-27,D00,type0,2
2003,2030-06-27,D00,type1,3
2003,2030-06-27,D00,type2,6
2003,2030-06-27,D00,type3,0
2004,2030-06-28,D00,type0,1
2004,2030-06-28,D00,type1,0
2004,2030-06-28,D00,type2,6
2004,2030-06-28,D00,type3,1
2005,2030-06-29,D00,type0,1
2005,2030-06-29,D00,type1,2
2005,2030-06-29,D00,type2,7
2005,2030-06-29,D00,type3,2
2006,2030-06-30,D00,type0,0
2006,2030-06-30,D00,type1,4
2006,2030-06-30,D00,type2,8
2006,2030-06-30,D00,type3,1
2007,2030-07-01,D00,type0,0
2007,2030-07-01,D00,type1,2
2007,2030-07-01,D00,type2,3
2007,2030-07-01,D00,type3,3
2008,2030-07-02,D00,type0,1
2008,2030-07-02,D00,type1,3
2008,2030-07-02,D00,type2,10
2008,2030-07-02,D00,type3,1
2009,2030-07-03,D00,type0,2
2009,2030-07-03,D00,type1,3
2009,2030-07-03,D00,type2,6
2009,2030-07-03,D00,type3,0
2010,2030-07-04,D00,type0,2
2010,2030-07-04,D00,type1,2
2010,2030-07-04,D00,type2,5
2010,2030-07-04,D00,type3,2
2011,2030-07-05,D00,type0,1
2011,2030-07-05,D00,type1,4
2011,2030-07-05,D00,type2,8
2011,2030-07-05,D00,type3,1
2012,2030-07-06,D00,type0,1
2012,2030-07-06,D00,type1,0
2012,2030-07-06,D00,type2,8
2012,2030-07-06,D00,type3,1
2013,2030-07-07,D00,type0,1
2013,2030-07-07,D00,type1,2
2013,2030-07-07,D00,type2,8
2013,2030-07-07,D00,type3,1
2014,2030-07-08,D00,type0,1
2014,2030-07-08,D00,type1,3
2014,2030-07-08,D00,type2,11
2014,2030-07-08,D00,type3,1
2015,2030-07-09,D00,type0,2
2015,2030-07-09,D00,type1,2
2015,2030-07-09,D00,type2,5
2015,2030-07-09,D00,type3,1
2016,2030-07-10,D00,type0,0
2016,2030-07-10,D00,type1,7
2016,2030-07-10,D00,type2,6
2016,2030-07-10,D00,type3,1
2017,2030-07-11,D00,type0,1
2017,2030-07-11,D00,type1,2
2017,2030-07-11,D00,type2,10
2017,2030-07-11,D00,type3,0
2018,2030-07-12,D00,type0,0
2018,2030-07-12,D00,type1,1
2018,2030-07-12,D00,type2,10
2018,2030-07-12,D00,type3,4
2019,2030-07-13,D00,type0,0
2019,2030-07-13,D00,type1,2
2019,2030-07-13,D00,type2,10
2019,2030-07-13,D00,type3,3
2020,2030-07-14,D00,type0,1
2020,2030-07-14,D00,type1,7
2020,2030-07-14,D00,type2,6
2020,2030-07-14,D00,type3,1
2021,2030-07-15,D00,type0,2
2021,2030-07-15,D00,type1,7
2021,2030-07-15,D00,type2,7
2021,2030-07-15,D00,type3,3
2022,2030-07-16,D00,type0,1
2022,2030-07-16,D00,type1,4
2022,2030-07-16,D00,type2,6
2022,2030-07-16,D00,type3,2
2023,2030-07-17,D00,type0,1
2023,2030-07-17,D00,type1,4
2023,2030-07-17,D00,type2,11
2023,2030-07-17,D00,type3,2
2024,2030-07-18,D00,type0,1
2024,2030-07-18,D00,type1,1
2024,2030-07-18,D00,type2,8
2024,2030-07-18,D00,type3,1
2025,2030-07-19,D00,type0,3
2025,2030-07-19,D00,type1,2
2025,2030-07-19,D00,type2,9
2025,2030-07-19,D00,type3,2
2026,2030-07-20,D00,type0,0
2026,2030-07-20,D00,type1,2
2026,2030-07-20,D00,type2,4
2026,2030-07-20,D00,type3,2
2027,2030-07-21,D00,type0,0
2027,2030-07-21,D00,type1,4
2027,2030-07-21,D00,type2,16
2027,2030-07-21,D00,type3,1
2028,2030-07-22,D00,type0,2
2028,2030-07-22,D00,type1,4
2028,2030-07-22,D00,type2,8
2028,2030-07-22,D00,type3,0
2029,2030-07-23,D00,type0,3
2029,2030-07-23,D00,type1,3
2029,2030-07-23,D00,type2,7
2029,2030-07-23,D00,type3,2
2030,2030-07-24,D00,type0,0
2030,2030-07-24,D00,type1,2
2030,2030-07-24,D00,type2,11
2030,2030-07-24,D00,type3,2
2031,2030-07-25,D00,type0,2
2031,2030-07-25,D00,type1,4
2031,2030-07-25,D00,type2,13
2031,2030-07-25,D00,type3,0
2032,2030-07-26,D00,type0,1
2032,2030-07-26,D00,type1,0
2032,2030-07-26,D00,type2,7
2032,2030-07-26,D00,type3,0
2033,2030-07-27,D00,type0,2
2033,2030-07-27,D00,type1,3
2033,2030-07-27,D00,type2,9
2033,2030-07-27,D00,type3,1
2034,2030-07-28,D00,type0,0
2034,2030-07-28,D00,type1,6
2034,2030-07-28,D00,type2,7
2034,2030-07-28,D00,type3,0
2035,2030-07-29,D00,type0,0
2035,2030-07-29,D00,type1,5
2035,2030-07-29,D00,type2,6
2035,2030-07-29,D00,type3,0
2036,2030-07-30,D00,type0,1
2036,2030-07-30,D00,type1,2
2036,2030-07-30,D00,type2,9
2036,2030-07-30,D00,type3,0
2037,2030-07-31,D00,type0,1
2037,2030-07-31,D00,type1,7
2037,2030-07-31,D00,type2,7
2037,2030-07-31,D00,type3,2
2038,2030-08-01,D00,type0,3
2038,2030-08-01,D00,type1,2
2038,2030-08-01,D00,type2,15
2038,2030-08-01,D00,type3,3
2039,2030-08-02,D00,type0,0
2039,2030-08-02,D00,type1,2
2039,2030-08-02,D00,type2,12
2039,2030-08-02,D00,type3,0
2040,2030-08-03,D00,type0,3
2040,2030-08-03,D00,type1,0
2040,2030-08-03,D00,type2,10
2040,2030-08-03,D00,type3,1
2041,2030-08-04,D00,type0,1
2041,2030-08-04,D00,type1,2
2041,2030-08-04,D00,type2,16
2041,2030-08-04,D00,type3,0
2042,2030-08-05,D00,type0,1
2042,2030-08-05,D00,type1,3
2042,2030-08-05,D00,type2,11
2042,2030-08-05,D00,type3,1
2043,2030-08-06,D00,type0,2
2043,2030-08-06,D00,type1,3
2043,2030-08-06,D00,type2,7
2043,2030-08-06,D00,type3,1
2044,2030-08-07,D00,type0,1
2044,2030-08-07,D00,type1,5
2044,2030-08-07,D00,type2,13
2044,2030-08-07,D00,type3,2
2045,2030-08-08,D00,type0,2
2045,2030-08-08,D00,type1,3
2045,2030-08-08,D00,type2,10
2045,2030-08-08,D00,type3,1
2046,2030-08-09,D00,type0,1
2046,2030-08-09,D00,type1,3
2046,2030-08-09,D00,type2,11
2046,2030-08-09,D00,type3,2
2047,2030-08-10,D00,type0,3
2047,2030-08-10,D00,type1,1
2047,2030-08-10,D00,type2,10
2047,2030-08-10,D00,type3,1
2048,2030-08-11,D00,type0,2
2048,2030-08-11,D00,type1,2
2048,2030-08-11,D00,type2,9
2048,2030-08-11,D00,type3,1
2049,2030-08-12,D00,type0,0
2049,2030-08-12,D00,type1,2
2049,2030-08-12,D00,type2,4
2049,2030-08-12,D00,type3,2
2050,2030-08-13,D00,type0,2
2050,2030-08-13,D00,type1,2
2050,2030-08-13,D00,type2,2
2050,2030-08-13,D00,type3,0
2051,2030-08-14,D00,type0,0
2051,2030-08-14,D00,type1,4
2051,2030-08-14,D00,type2,10
2051,2030-08-14,D00,type3,2
2052,2030-08-15,D00,type0,1
2052,2030-08-15,D00,type1,3
2052,2030-08-15,D00,type2,10
2052,2030-08-15,D00,type3,2
2053,2030-08-16,D00,type0,1
2053,2030-08-16,D00,type1,3
2053,2030-08-16,D00,type2,9
2053,2030-08-16,D00,type3,0
2054,2030-08-17,D00,type0,2
2054,2030-08-17,D00,type1,2
2054,2030-08-17,D00,type2,6
2054,2030-08-17,D00,type3,1
2055,2030-08-18,D00,type0,1
2055,2030-08-18,D00,type1,2
2055,2030-08-18,D00,type2,8
2055,2030-08-18,D00,type3,0
2056,2030-08-19,D00,type0,2
2056,2030-08-19,D00,type1,4
2056,2030-08-19,D00,type2,4
2056,2030-08-19,D00,type3,0
2057,2030-08-20,D00,type0,3
2057,2030-08-20,D00,type1,1
2057,2030-08-20,D00,type2,4
2057,2030-08-20,D00,type3,2
2058,2030-08-21,D00,type0,0
2058,2030-08-21,D00,type1,0
2058,2030-08-21,D00,type2,10
2058,2030-08-21,D00,type3,1
2059,2030-08-22,D00,type0,1
2059,2030-08-22,D00,type1,0
2059,2030-08-22,D00,type2,9
2059,2030-08-22,D00,type3,1
2060,2030-08-23,D00,type0,2
2060,2030-08-23,D00,type1,2
2060,2030-08-23,D00,type2,7
2060,2030-08-23,D00,type3,0
2061,2030-08-24,D00,type0,2
2061,2030-08-24,D00,type1,5
2061,2030-08-24,D00,type2,12
2061,2030-08-24,D00,type3,2
2062,2030-08-25,D00,type0,1
2062,2030-08-25,D00,type1,1
2062,2030-08-25,D00,type2,10
2062,2030-08-25,D00,type3,0
2063,2030-08-26,D00,type0,2
2063,2030-08-26,D00,type1,1
2063,2030-08-26,D00,type2,6
2063,2030-08-26,D00,type3,2
2064,2030-08-27,D00,type0,1
2064,2030-08-27,D00,type1,5
2064,2030-08-27,D00,type2,5
2064,2030-08-27,D00,type3,0
2065,2030-08-28,D00,type0,1
2065,2030-08-28,D00,type1,1
2065,2030-08-28,D00,type2,6
2065,2030-08-28,D00,type3,0
2066,2030-08-29,D00,type0,1
2066,2030-08-29,D00,type1,3
2066,2030-08-29,D00,type2,5
2066,2030-08-29,D00,type3,1
2067,2030-08-30,D00,type0,2
2067,2030-08-30,D00,type1,2
2067,2030-08-30,D00,type2,10
2067,2030-08-30,D00,type3,2
2068,2030-08-31,D00,type0,1
2068,2030-08-31,D00,type1,1
2068,2030-08-31,D00,type2,8
2068,2030-08-31,D00,type3,1
2069,2030-09-01,D00,type0,2
2069,2030-09-01,D00,type1,2
2069,2030-09-01,D00,type2,5
2069,2030-09-01,D00,type3,1
2070,2030-09-02,D00,type0,1
2070,2030-09-02,D00,type1,1
2070,2030-09-02,D00,type2,5
2070,2030-09-02,D00,type3,0
2071,2030-09-03,D00,type0,3
2071,2030-09-03,D00,type1,2
2071,2030-09-03,D00,type2,10
2071,2030-09-03,D00,type3,2
2072,2030-09-04,D00,type0,0
2072,2030-09-04,D00,type1,2
2072,2030-09-04,D00,type2,5
2072,2030-09-04,D00,type3,0
2073,2030-09-05,D00,type0,0
2073,2030-09-05,D00,type1,1
2073,2030-09-05,D00,type2,2
2073,2030-09-05,D00,type3,0
2074,2030-09-06,D00,type0,0
2074,2030-09-06,D00,type1,0
2074,2030-09-06,D00,type2,7
2074,2030-09-06,D00,type3,0
2075,2030-09-07,D00,type0,1
2075,2030-09-07,D00,type1,2
2075,2030-09-07,D00,type2,5
2075,2030-09-07,D00,type3,1
2076,2030-09-08,D00,type0,1
2076,2030-09-08,D00,type1,2
2076,2030-09-08,D00,type2,5
2076,2030-09-08,D00,type3,1
2077,2030-09-09,D00,type0,0
2077,2030-09-09,D00,type1,0
2077,2030-09-09,D00,type2,5
2077,2030-09-09,D00,type3,3
2078,2030-09-10,D00,type0,1
2078,2030-09-10,D00,type1,1
2078,2030-09-10,D00,type2,4
2078,2030-09-10,D00,type3,0
2079,2030-09-11,D00,type0,1
2079,2030-09-11,D00,type1,2
2079,2030-09-11,D00,type2,5
2079,2030-09-11,D00,type3,1
2080,2030-09-12,D00,type0,4
2080,2030-09-12,D00,type1,1
2080,2030-09-12,D00,type2,6
2080,2030-09-12,D00,type3,0
2081,2030-09-13,D00,type0,1
2081,2030-09-13,D00,type1,0
2081,2030-09-13,D00,type2,3
2081,2030-09-13,D00,type3,0
2082,2030-09-14,D00,type0,1
2082,2030-09-14,D00,type1,3
2082,2030-09-14,D00,type2,6
2082,2030-09-14,D00,type3,2
2083,2030-09-15,D00,type0,1
2083,2030-09-15,D00,type1,0
2083,2030-09-15,D00,type2,4
2083,2030-09-15,D00,type3,0
2084,2030-09-16,D00,type0,1
2084,2030-09-16,D00,type1,2
2084,2030-09-16,D00,type2,2
2084,2030-09-16,D00,type3,1
2085,2030-09-17,D00,type0,0
2085,2030-09-17,D00,type1,0
2085,2030-09-17,D00,type2,0
2085,2030-09-17,D00,type3,0
2086,2030-09-18,D00,type0,0
2086,2030-09-18,D00,type1,1
2086,2030-09-18,D00,type2,1
2086,2030-09-18,D00,type3,3
2087,2030-09-19,D00,type0,3
2087,2030-09-19,D00,type1,2
2087,2030-09-19,D00,type2,4
2087,2030-09-19,D00,type3,0
2088,2030-09-20,D00,type0,2
2088,2030-09-20,D00,type1,0
2088,2030-09-20,D00,type2,6
2088,2030-09-20,D00,type3,0
2089,2030-09-21,D00,type0,1
2089,2030-09-21,D00,type1,3
2089,2030-09-21,D00,type2,1
2089,2030-09-21,D00,type3,1
2090,2030-09-22,D00,type0,0
2090,2030-09-22,D00,type1,2
2090,2030-09-22,D00,type2,4
2090,2030-09-22,D00,type3,0
2091,2030-09-23,D00,type0,2
2091,2030-09-23,D00,type1,3
2091,2030-09-23,D00,type2,4
2091,2030-09-23,D00,type3,1
2092,2030-09-24,D00,type0,4
2092,2030-09-24,D00,type1,3
2092,2030-09-24,D00,type2,6
2092,2030-09-24,D00,type3,3
2093,2030-09-25,D00,type0,1
2093,2030-09-25,D00,type1,2
2093,2030-09-25,D00,type2,3
2093,2030-09-25,D00,type3,1
2094,2030-09-26,D00,type0,0
2094,2030-09-26,D00,type1,2
2094,2030-09-26,D00,type2,5
2094,2030-09-26,D00,type3,1
2095,2030-09-27,D00,type0,2
2095,2030-09-27,D00,type1,1
2095,2030-09-27,D00,type2,7
2095,2030-09-27,D00,type3,0
2096,2030-09-28,D00,type0,2
2096,2030-09-28,D00,type1,1
2096,2030-09-28,D00,type2,2
2096,2030-09-28,D00,type3,0
2097,2030-09-29,D00,type0,2
2097,2030-09-29,D00,type1,7
2097,2030-09-29,D00,type2,3
2097,2030-09-29,D00,type3,0
2098,2030-09-30,D00,type0,1
2098,2030-09-30,D00,type1,2
2098,2030-09-30,D00,type2,5
2098,2030-09-30,D00,type3,0
2099,2030-10-01,D00,type0,1
2099,2030-10-01,D00,type1,1
2099,2030-10-01,D00,type2,5
2099,2030-10-01,D00,type3,0
2100,2030-10-02,D00,type0,1
2100,2030-10-02,D00,type1,0
2100,2030-10-02,D00,type2,2
2100,2030-10-02,D00,type3,1
2101,2030-10-03,D00,type0,0
2101,2030-10-03,D00,type1,3
2101,2030-10-03,D00,type2,2
2101,2030-10-03,D00,type3,1
2102,2030-10-04,D00,type0,3
2102,2030-10-04,D00,type1,3
2102,2030-10-04,D00,type2,7
2102,2030-10-04,D00,type3,2
2103,2030-10-05,D00,type0,1
2103,2030-10-05,D00,type1,2
2103,2030-10-05,D00,type2,4
2103,2030-10-05,D00,type3,1
2104,2030-10-06,D00,type0,2
2104,2030-10-06,D00,type1,1
2104,2030-10-06,D00,type2,7
2104,2030-10-06,D00,type3,0
2105,2030-10-07,D00,type0,0
2105,2030-10-07,D00,type1,1
2105,2030-10-07,D00,type2,2
2105,2030-10-07,D00,type3,1
2106,2030-10-08,D00,type0,3
2106,2030-10-08,D00,type1,1
2106,2030-10-08,D00,type2,6
2106,2030-10-08,D00,type3,1
2107,2030-10-09,D00,type0,3
2107,2030-10-09,D00,type1,1
2107,2030-10-09,D00,type2,5
2107,2030-10-09,D00,type3,2
2108,2030-10-10,D00,type0,5
2108,2030-10-10,D00,type1,2
2108,2030-10-10,D00,type2,4
2108,2030-10-10,D00,type3,3
2109,2030-10-11,D00,type0,1
2109,2030-10-11,D00,type1,1
2109,2030-10-11,D00,type2,4
2109,2030-10-11,D00,type3,0
2110,2030-10-12,D00,type0,1
2110,2030-10-12,D00,type1,1
2110,2030-10-12,D00,type2,1
2110,2030-10-12,D00,type3,2
2111,2030-10-13,D00,type0,4
2111,2030-10-13,D00,type1,3
2111,2030-10-13,D00,type2,4
2111,2030-10-13,D00,type3,0
2112,2030-10-14,D00,type0,0
2112,2030-10-14,D00,type1,4
2112,2030-10-14,D00,type2,6
2112,2030-10-14,D00,type3,3
2113,2030-10-15,D00,type0,3
2113,2030-10-15,D00,type1,0
2113,2030-10-15,D00,type2,2
2113,2030-10-15,D00,type3,2
2114,2030-10-16,D00,type0,0
2114,2030-10-16,D00,type1,0
2114,2030-10-16,D00,type2,7
2114,2030-10-16,D00,type3,1
2115,2030-10-17,D00,type0,1
2115,2030-10-17,D00,type1,2
2115,2030-10-17,D00,type2,4
2115,2030-10-17,D00,type3,1
2116,2030-10-18,D00,type0,0
2116,2030-10-18,D00,type1,4
2116,2030-10-18,D00,type2,3
2116,2030-10-18,D00,type3,1
2117,2030-10-19,D00,type0,1
2117,2030-10-19,D00,type1,0
2117,2030-10-19,D00,type2,4
2117,2030-10-19,D00,type3,1
2118,2030-10-20,D00,type0,2
2118,2030-10-20,D00,type1,1
2118,2030-10-20,D00,type2,3
2118,2030-10-20,D00,type3,2
2119,2030-10-21,D00,type0,1
2119,2030-10-21,D00,type1,1
2119,2030-10-21,D00,type2,5
2119,2030-10-21,D00,type3,1
2120,2030-10-22,D00,type0,0
2120,2030-10-22,D00,type1,2
2120,2030-10-22,D00,type2,3
2120,2030-10-22,D00,type3,0
2121,2030-10-23,D00,type0,2
2121,2030-10-23,D00,type1,4
2121,2030-10-23,D00,type2,3
2121,2030-10-23,D00,type3,4
2122,2030-10-24,D00,type0,0
2122,2030-10-24,D00,type1,3
2122,2030-10-24,D00,type2,6
2122,2030-10-24,D00,type3,2
2123,2030-10-25,D00,type0,1
2123,2030-10-25,D00,type1,0
2123,2030-10-25,D00,type2,4
2123,2030-10-25,D00,type3,1
2124,2030-10-26,D00,type0,1
2124,2030-10-26,D00,type1,0
2124,2030-10-26,D00,type2,2
2124,2030-10-26,D00,type3,0
2125,2030-10-27,D00,type0,2
2125,2030-10-27,D00,type1,4
2125,2030-10-27,D00,type2,2
2125,2030-10-27,D00,type3,2
2126,2030-10-28,D00,type0,1
2126,2030-10-28,D00,type1,1
2126,2030-10-28,D00,type2,6
2126,2030-10-28,D00,type3,0
2127,2030-10-29,D00,type0,0
2127,2030-10-29,D00,type1,3
2127,2030-10-29,D00,type2,2
2127,2030-10-29,D00,type3,1
2128,2030-10-30,D00,type0,0
2128,2030-10-30,D00,type1,4
2128,2030-10-30,D00,type2,5
2128,2030-10-30,D00,type3,1
2129,2030-10-31,D00,type0,0
2129,2030-10-31,D00,type1,1
2129,2030-10-31,D00,type2,5
2129,2030-10-31,D00,type3,2
2130,2030-11-01,D00,type0,0
2130,2030-11-01,D00,type1,4
2130,2030-11-01,D00,type2,3
2130,2030-11-01,D00,type3,1
2131,2030-11-02,D00,type0,1
2131,2030-11-02,D00,type1,4
2131,2030-11-02,D00,type2,3
2131,2030-11-02,D00,type3,1
2132,2030-11-03,D00,type0,2
2132,2030-11-03,D00,type1,1
2132,2030-11-03,D00,type2,6
2132,2030-11-03,D00,type3,3
2133,2030-11-04,D00,type0,2
2133,2030-11-04,D00,type1,2
2133,2030-11-04,D00,type2,1
2133,2030-11-04,D00,type3,0
2134,2030-11-05,D00,type0,2
2134,2030-11-05,D00,type1,3
2134,2030-11-05,D00,type2,5
2134,2030-11-05,D00,type3,2
2135,2030-11-06,D00,type0,0
2135,2030-11-06,D00,type1,5
2135,2030-11-06,D00,type2,2
2135,2030-11-06,D00,type3,0
2136,2030-11-07,D00,type0,2
2136,2030-11-07,D00,type1,4
2136,2030-11-07,D00,type2,3
2136,2030-11-07,D00,type3,4
2137,2030-11-08,D00,type0,0
2137,2030-11-08,D00,type1,6
2137,2030-11-08,D00,type2,4
2137,2030-11-08,D00,type3,3
2138,2030-11-09,D00,type0,0
2138,2030-11-09,D00,type1,1
2138,2030-11-09,D00,type2,2
2138,2030-11-09,D00,type3,3
2139,2030-11-10,D00,type0,2
2139,2030-11-10,D00,type1,3
2139,2030-11-10,D00,type2,8
2139,2030-11-10,D00,type3,1
2140,2030-11-11,D00,type0,0
2140,2030-11-11,D00,type1,4
2140,2030-11-11,D00,type2,2
2140,2030-11-11,D00,type3,0
2141,2030-11-12,D00,type0,2
2141,2030-11-12,D00,type1,1
2141,2030-11-12,D00,type2,5
2141,2030-11-12,D00,type3,3
2142,2030-11-13,D00,type0,2
2142,2030-11-13,D00,type1,2
2142,2030-11-13,D00,type2,4
2142,2030-11-13,D00,type3,2
2143,2030-11-14,D00,type0,0
2143,2030-11-14,D00,type1,5
2143,2030-11-14,D00,type2,1
2143,2030-11-14,D00,type3,4
2144,2030-11-15,D00,type0,3
2144,2030-11-15,D00,type1,6
2144,2030-11-15,D00,type2,5
2144,2030-11-15,D00,type3,5
2145,2030-11-16,D00,type0,1
2145,2030-11-16,D00,type1,5
2145,2030-11-16,D00,type2,1
2145,2030-11-16,D00,type3,2
2146,2030-11-17,D00,type0,1
2146,2030-11-17,D00,type1,1
2146,2030-11-17,D00,type2,7
2146,2030-11-17,D00,type3,2
2147,2030-11-18,D00,type0,1
2147,2030-11-18,D00,type1,5
2147,2030-11-18,D00,type2,4
2147,2030-11-18,D00,type3,3
2148,2030-11-19,D00,type0,0
2148,2030-11-19,D00,type1,3
2148,2030-11-19,D00,type2,4
2148,2030-11-19,D00,type3,2
2149,2030-11-20,D00,type0,0
2149,2030-11-20,D00,type1,3
2149,2030-11-20,D00,type2,5
2149,2030-11-20,D00,type3,1
2150,2030-11-21,D00,type0,4
2150,2030-11-21,D00,type1,1
2150,2030-11-21,D00,type2,4
2150,2030-11-21,D00,type3,4
2151,2030-11-22,D00,type0,0
2151,2030-11-22,D00,type1,3
2151,2030-11-22,D00,type2,4
2151,2030-11-22,D00,type3,4
2152,2030-11-23,D00,type0,2
2152,2030-11-23,D00,type1,2
2152,2030-11-23,D00,type2,7
2152,2030-11-23,D00,type3,1
2153,2030-11-24,D00,type0,2
2153,2030-11-24,D00,type1,3
2153,2030-11-24,D00,type2,3
2153,2030-11-24,D00,type3,5
2154,2030-11-25,D00,type0,1
2154,2030-11-25,D00,type1,3
2154,2030-11-25,D00,type2,2
2154,2030-11-25,D00,type3,1
2155,2030-11-26,D00,type0,4
2155,2030-11-26,D00,type1,1
2155,2030-11-26,D00,type2,1
2155,2030-11-26,D00,type3,2
2156,2030-11-27,D00,type0,1
2156,2030-11-27,D00,type1,5
2156,2030-11-27,D00,type2,5
2156,2030-11-27,D00,type3,5
2157,2030-11-28,D00,type0,1
2157,2030-11-28,D00,type1,2
2157,2030-11-28,D00,type2,3
2157,2030-11-28,D00,type3,2
2158,2030-11-29,D00,type0,1
2158,2030-11-29,D00,type1,0
2158,2030-11-29,D00,type2,5
2158,2030-11-29,D00,type3,1
2159,2030-11-30,D00,type0,1
2159,2030-11-30,D00,type1,5
2159,2030-11-30,D00,type2,4
2159,2030-11-30,D00,type3,5
2160,2030-12-01,D00,type0,0
2160,2030-12-01,D00,type1,2
2160,2030-12-01,D00,type2,2
2160,2030-12-01,D00,type3,3
2161,2030-12-02,D00,type0,0
2161,2030-12-02,D00,type1,1
2161,2030-12-02,D00,type2,5
2161,2030-12-02,D00,type3,0
2162,2030-12-03,D00,type0,0
2162,2030-12-03,D00,type1,4
2162,2030-12-03,D00,type2,2
2162,2030-12-03,D00,type3,1
2163,2030-12-04,D00,type0,1
2163,2030-12-04,D00,type1,3
2163,2030-12-04,D00,type2,6
2163,2030-12-04,D00,type3,4
2164,2030-12-05,D00,type0,1
2164,2030-12-05,D00,type1,3
2164,2030-12-05,D00,type2,2
2164,2030-12-05,D00,type3,2
2165,2030-12-06,D00,type0,2
2165,2030-12-06,D00,type1,3
2165,2030-12-06,D00,type2,0
2165,2030-12-06,D00,type3,3
2166,2030-12-07,D00,type0,0
2166,2030-12-07,D00,type1,4
2166,2030-12-07,D00,type2,6
2166,2030-12-07,D00,type3,4
2167,2030-12-08,D00,type0,1
2167,2030-12-08,D00,type1,3
2167,2030-12-08,D00,type2,2
2167,2030-12-08,D00,type3,3
2168,2030-12-09,D00,type0,1
2168,2030-12-09,D00,type1,5
2168,2030-12-09,D00,type2,4
2168,2030-12-09,D00,type3,2
2169,2030-12-10,D00,type0,0
2169,2030-12-10,D00,type1,2
2169,2030-12-10,D00,type2,2
2169,2030-12-10,D00,type3,3
2170,2030-12-11,D00,type0,0
2170,2030-12-11,D00,type1,7
2170,2030-12-11,D00,type2,3
2170,2030-12-11,D00,type3,1
2171,2030-12-12,D00,type0,0
2171,2030-12-12,D00,type1,1
2171,2030-12-12,D00,type2,2
2171,2030-12-12,D00,type3,0
2172,2030-12-13,D00,type0,2
2172,2030-12-13,D00,type1,3
2172,2030-12-13,D00,type2,4
2172,2030-12-13,D00,type3,4
2173,2030-12-14,D00,type0,2
2173,2030-12-14,D00,type1,5
2173,2030-12-14,D00,type2,2
2173,2030-12-14,D00,type3,3
2174,2030-12-15,D00,type0,0
2174,2030-12-15,D00,type1,2
2174,2030-12-15,D00,type2,1
2174,2030-12-15,D00,type3,5
2175,2030-12-16,D00,type0,0
2175,2030-12-16,D00,type1,3
2175,2030-12-16,D00,type2,3
2175,2030-12-16,D00,type3,5
2176,2030-12-17,D00,type0,1
2176,2030-12-17,D00,type1,6
2176,2030-12-17,D00,type2,4
2176,2030-12-17,D00,type3,1
2177,2030-12-18,D00,type0,3
2177,2030-12-18,D00,type1,5
2177,2030-12-18,D00,type2,4
2177,2030-12-18,D00,type3,5
2178,2030-12-19,D00,type0,0
2178,2030-12-19,D00,type1,3
2178,2030-12-19,D00,type2,4
2178,2030-12-19,D00,type3,3
2179,2030-12-20,D00,type0,1
2179,2030-12-20,D00,type1,4
2179,2030-12-20,D00,type2,4
2179,2030-12-20,D00,type3,6
2180,2030-12-21,D00,type0,0
2180,2030-12-21,D00,type1,2
2180,2030-12-21,D00,type2,7
2180,2030-12-21,D00,type3,5
2181,2030-12-22,D00,type0,0
2181,2030-12-22,D00,type1,1
2181,2030-12-22,D00,type2,5
2181,2030-12-22,D00,type3,6
2182,2030-12-23,D00,type0,4
2182,2030-12-23,D00,type1,5
2182,2030-12-23,D00,type2,1
2182,2030-12-23,D00,type3,1
2183,2030-12-24,D00,type0,2
2183,2030-12-24,D00,type1,0
2183,2030-12-24,D00,type2,6
2183,2030-12-24,D00,type3,3
2184,2030-12-25,D00,type0,0
2184,2030-12-25,D00,type1,2
2184,2030-12-25,D00,type2,4
2184,2030-12-25,D00,type3,2
2185,2030-12-26,D00,type0,0
2185,2030-12-26,D00,type1,4
2185,2030-12-26,D00,type2,5
2185,2030-12-26,D00,type3,4
2186,2030-12-27,D00,type0,2
2186,2030-12-27,D00,type1,2
2186,2030-12-27,D00,type2,6
2186,2030-12-27,D00,type3,3
2187,2030-12-28,D00,type0,1
2187,2030-12-28,D00,type1,3
2187,2030-12-28,D00,type2,5
2187,2030-12-28,D00,type3,7
2188,2030-12-29,D00,type0,2
2188,2030-12-29,D00,type1,4
2188,2030-12-29,D00,type2,4
2188,2030-12-29,D00,type3,1
2189,2030-12-30,D00,type0,1
2189,2030-12-30,D00,type1,2
2189,2030-12-30,D00,type2,2
2189,2030-12-30,D00,type3,4
2190,2030-12-31,D00,type0,2
2190,2030-12-31,D00,type1,5
2190,2030-12-31,D00,type2,6
2190,2030-12-31,D00,type3,6
2191,2031-01-01,D00,type0,2
2191,2031-01-01,D00,type1,5
2191,2031-01-01,D00,type2,4
2191,2031-01-01,D00,type3,6
